id,split,set,is_unknown,gold,pred,score,margin95,margin90
syn-0008,val,cal,False,shipment_information.analytics,shipment_information.analytics,-14.8618306,44.7579756,42.0504193
syn-0011,val,cal,False,shipment_information.realtime_query,shipment_information.realtime_query,-38.8669849,20.7528213,18.0452649
syn-0017,val,cal,False,customer_support,customer_support,-27.3414481,32.2783581,29.5708018
syn-0027,val,cal,False,document_processing,document_processing,-25.2801997,34.3396065,31.6320502
syn-0032,val,cal,False,document_processing,document_processing,-28.6472006,30.9726056,28.2650492
syn-0041,val,cal,False,shipment_information.realtime_query,shipment_information.realtime_query,-39.0015837,20.6182225,17.9106661
syn-0044,val,cal,False,chitchat,chitchat,-19.9145045,39.7053016,36.9977453
syn-0048,val,cal,False,yard_management,yard_management,-26.030429,33.5893772,30.8818209
syn-0049,val,cal,False,shipment_information.analytics,shipment_information.analytics,-29.4367829,30.1830232,27.4754669
syn-0057,val,cal,False,shipment_information.analytics,shipment_information.analytics,-34.0881231,25.5316831,22.8241268
syn-0063,val,cal,False,appointment_manager,appointment_manager,-15.2141933,44.4056129,41.6980566
syn-0064,val,cal,False,orders,shipment_information.realtime_query,-55.4286096,4.19119659,1.48364028
syn-0065,val,cal,False,yard_management,yard_management,-11.7188259,47.9009803,45.193424
syn-0069,val,cal,False,yard_management,yard_management,-33.139032,26.4807742,23.7732179
syn-0072,val,cal,False,ai_agent_performance,ai_agent_performance,-11.4380139,48.1817922,45.4742359
syn-0073,val,cal,False,yard_management,yard_management,-31.6396825,27.9801237,25.2725673
syn-0082,val,cal,False,appointment_manager,orders,-52.664434,6.95537214,4.24781583
syn-0094,val,cal,False,appointment_manager,appointment_manager,-31.4070901,28.2127161,25.5051598
syn-0100,val,cal,False,chitchat,chitchat,-10.485899,49.1339072,46.4263509
syn-0109,val,cal,False,customer_support,customer_support,-40.617862,19.0019442,16.2943878
syn-0119,val,cal,False,orders,orders,-17.1220283,42.4977779,39.7902215
syn-0127,val,cal,False,yard_management,yard_management,-55.0520882,4.56771801,1.86016169
syn-0130,val,cal,False,orders,shipment_information.analytics,-49.5234974,10.0963088,7.38875251
syn-0137,val,cal,False,shipment_information.analytics,shipment_information.analytics,-17.7249767,41.8948295,39.1872732
syn-0139,val,cal,False,appointment_manager,appointment_manager,-12.3185172,47.301289,44.5937327
syn-0141,val,cal,False,chitchat,chitchat,-16.7117095,42.9080966,40.2005403
syn-0153,val,cal,False,document_processing,document_processing,-48.7588176,10.8609886,8.15343227
syn-0171,val,cal,False,orders,orders,-23.8846397,35.7351665,33.0276102
syn-0181,val,cal,False,shipment_information.realtime_query,shipment_information.analytics,-40.484919,19.1348872,16.4273309
syn-0183,val,cal,False,document_processing,document_processing,-19.5359648,40.0838414,37.3762851
syn-0185,val,cal,False,other,other,-57.4645504,2.15525574,-0.552300572
syn-0190,val,cal,False,customer_support,appointment_manager,-35.9174314,23.7023748,20.9948185
syn-0204,val,cal,False,appointment_manager,appointment_manager,-13.5933264,46.0264797,43.3189234
syn-0208,val,cal,False,shipment_information.analytics,shipment_information.analytics,-22.1166078,37.5031984,34.795642
syn-0210,val,cal,False,ai_agent_performance,ai_agent_performance,-25.0817704,34.5380357,31.8304794
syn-0211,val,cal,False,ai_agent_performance,ai_agent_performance,-11.2341253,48.3856808,45.6781245
syn-0218,val,cal,False,shipment_information.analytics,shipment_information.analytics,-28.6901627,30.9296435,28.2220871
syn-0219,val,cal,False,ai_agent_performance,ai_agent_performance,-11.8076675,47.8121387,45.1045824
syn-0229,val,cal,False,other,other,-56.9122499,2.70755631,0
syn-0247,val,cal,False,customer_support,customer_support,-34.191289,25.4285172,22.7209609
syn-0270,val,cal,False,shipment_information.realtime_query,shipment_information.realtime_query,-57.520025,2.09978116,-0.607775146
syn-0272,val,cal,False,customer_support,customer_support,-59.6198062,0,-2.70755631
syn-0278,val,cal,False,shipment_information.disruptions,shipment_information.disruptions,-29.4775028,30.1423034,27.4347471
syn-0279,val,cal,False,ai_agent_performance,ai_agent_performance,-16.9774551,42.6423511,39.9347947
syn-0297,val,cal,False,yard_management,yard_management,-16.5884976,43.0313085,40.3237522
syn-0298,val,cal,False,other,other,-42.992158,16.6276482,13.9200919
syn-0321,val,cal,False,shipment_information.disruptions,shipment_information.disruptions,-30.1912839,29.4285222,26.7209659
syn-0326,val,cal,False,appointment_manager,appointment_manager,-20.9813034,38.6385028,35.9309465
syn-0328,val,cal,False,shipment_information.realtime_query,shipment_information.realtime_query,-55.6287964,3.99100977,1.28345346
syn-0353,val,cal,False,other,other,-71.9132039,-12.2933977,-15.0009541
syn-0363,val,cal,False,shipment_information.disruptions,shipment_information.disruptions,-68.9136604,-9.29385418,-12.0014105
syn-0366,val,cal,False,shipment_information.disruptions,shipment_information.disruptions,-48.2496769,11.3701292,8.66257292
syn-0367,val,cal,False,document_processing,document_processing,-17.576457,42.0433492,39.3357929
syn-0374,val,cal,False,shipment_information.analytics,shipment_information.analytics,-30.5067275,29.1130787,26.4055224
syn-0378,val,cal,False,chitchat,chitchat,-16.6512939,42.9685123,40.260956
syn-0391,val,cal,False,ai_agent_performance,ai_agent_performance,-11.1932061,48.4266001,45.7190438
syn-0393,val,cal,False,chitchat,chitchat,-22.8624292,36.757377,34.0498207
syn-0407,val,cal,False,orders,orders,-34.1639676,25.4558385,22.7482822
syn-0408,val,cal,False,document_processing,document_processing,-52.1680864,7.45171974,4.74416342
syn-0409,val,cal,False,shipment_information.realtime_query,shipment_information.realtime_query,-54.8282123,4.79159383,2.08403752
syn-0413,val,cal,False,shipment_information.disruptions,shipment_information.disruptions,-35.1621116,24.4576946,21.7501383
syn-0435,val,cal,False,shipment_information.realtime_query,shipment_information.realtime_query,-61.8019431,-2.18213692,-4.88969323
syn-0437,val,cal,False,customer_support,shipment_information.realtime_query,-49.3263644,10.2934418,7.58588548
syn-0439,val,cal,False,orders,orders,-22.3779049,37.2419013,34.5343449
syn-0452,val,cal,False,shipment_information.realtime_query,shipment_information.realtime_query,-22.152,37.4678062,34.7602499
syn-0453,val,cal,False,appointment_manager,orders,-49.8708731,9.74893304,7.04137673
syn-0460,val,cal,False,shipment_information.analytics,shipment_information.analytics,-24.3334947,35.2863114,32.5787551
syn-0468,val,cal,False,orders,orders,-22.2211319,37.3986743,34.6911179
syn-0001,test,eval,False,appointment_manager,appointment_manager,-15.3905495,44.2292566,41.5217003
syn-0012,test,eval,False,customer_support,customer_support,-19.1927654,40.4270408,37.7194845
syn-0021,test,eval,False,shipment_information.analytics,shipment_information.analytics,-31.8417422,27.778064,25.0705077
syn-0028,test,eval,False,orders,orders,-38.8995416,20.7202646,18.0127083
syn-0030,test,eval,False,appointment_manager,appointment_manager,-19.7138584,39.9059477,37.1983914
syn-0047,test,eval,False,ai_agent_performance,ai_agent_performance,-25.2830521,34.336754,31.6291977
syn-0066,test,eval,False,orders,orders,-30.2067184,29.4130878,26.7055314
syn-0078,test,eval,False,document_processing,document_processing,-44.5298349,15.0899712,12.3824149
syn-0088,test,eval,False,ai_agent_performance,ai_agent_performance,-26.9871117,32.6326945,29.9251382
syn-0089,test,eval,False,document_processing,document_processing,-23.5283203,36.0914859,33.3839296
syn-0092,test,eval,False,yard_management,yard_management,-32.3124442,27.307362,24.5998057
syn-0096,test,eval,False,orders,orders,-24.7955266,34.8242795,32.1167232
syn-0099,test,eval,False,chitchat,chitchat,-16.7720093,42.8477969,40.1402405
syn-0104,test,eval,False,orders,orders,-24.0753478,35.5444584,32.8369021
syn-0110,test,eval,False,shipment_information.disruptions,shipment_information.disruptions,-41.9531074,17.6666988,14.9591425
syn-0115,test,eval,False,shipment_information.realtime_query,shipment_information.realtime_query,-22.6301667,36.9896395,34.2820831
syn-0126,test,eval,False,other,other,-59.4877389,0.132067259,-2.57548905
syn-0131,test,eval,False,document_processing,customer_support,-46.2872911,13.332515,10.6249587
syn-0132,test,eval,False,document_processing,document_processing,-32.228128,27.3916781,24.6841218
syn-0180,test,eval,False,appointment_manager,appointment_manager,-39.3924615,20.2273446,17.5197883
syn-0199,test,eval,False,orders,document_processing,-61.2213221,-1.60151595,-4.30907226
syn-0212,test,eval,False,shipment_information.realtime_query,shipment_information.realtime_query,-49.5070179,10.1127883,7.40523197
syn-0214,test,eval,False,customer_support,shipment_information.realtime_query,-48.8204316,10.7993746,8.0918183
syn-0216,test,eval,False,customer_support,customer_support,-25.0584919,34.5613142,31.8537579
syn-0220,test,eval,False,chitchat,chitchat,-16.3493915,43.2704147,40.5628584
syn-0227,test,eval,False,shipment_information.analytics,shipment_information.analytics,-31.4367982,28.1830079,25.4754516
syn-0231,test,eval,False,ai_agent_performance,ai_agent_performance,-13.577893,46.0419132,43.3343568
syn-0235,test,eval,False,shipment_information.analytics,shipment_information.analytics,-25.9636717,33.6561345,30.9485781
syn-0238,test,eval,False,document_processing,orders,-68.2405207,-8.62071449,-11.3282708
syn-0256,test,eval,False,yard_management,yard_management,-47.2582019,12.3616042,9.65404793
syn-0266,test,eval,False,other,other,-34.5234719,25.0963343,22.388778
syn-0277,test,eval,False,shipment_information.realtime_query,shipment_information.realtime_query,-22.0942366,37.5255696,34.8180133
syn-0287,test,eval,False,shipment_information.analytics,shipment_information.analytics,-18.9601068,40.6596994,37.952143
syn-0309,test,eval,False,document_processing,document_processing,-32.6139573,27.0058489,24.2982925
syn-0315,test,eval,False,customer_support,customer_support,-28.2540253,31.3657809,28.6582246
syn-0317,test,eval,False,shipment_information.disruptions,shipment_information.disruptions,-43.8201701,15.799636,13.0920797
syn-0319,test,eval,False,shipment_information.realtime_query,shipment_information.realtime_query,-23.9328692,35.6869369,32.9793806
syn-0320,test,eval,False,customer_support,customer_support,-20.2810241,39.3387821,36.6312258
syn-0331,test,eval,False,shipment_information.disruptions,shipment_information.disruptions,-35.9194472,23.7003589,20.9928026
syn-0342,test,eval,False,ai_agent_performance,ai_agent_performance,-26.8844422,32.7353639,30.0278076
syn-0344,test,eval,False,appointment_manager,appointment_manager,-26.6981917,32.9216145,30.2140582
syn-0347,test,eval,False,appointment_manager,appointment_manager,-12.507211,47.1125952,44.4050389
syn-0361,test,eval,False,yard_management,yard_management,-51.6511523,7.96865388,5.26109757
syn-0362,test,eval,False,chitchat,chitchat,-10.3699718,49.2498344,46.5422781
syn-0365,test,eval,False,chitchat,chitchat,-38.0760694,21.5437368,18.8361805
syn-0387,test,eval,False,shipment_information.realtime_query,shipment_information.realtime_query,-48.5412725,11.0785336,8.37097733
syn-0389,test,eval,False,shipment_information.analytics,shipment_information.analytics,-64.1736255,-4.55381935,-7.26137566
syn-0390,test,eval,False,other,other,-54.8793325,4.7404737,2.03291739
syn-0395,test,eval,False,shipment_information.realtime_query,shipment_information.realtime_query,-48.7952018,10.8246044,8.11704806
syn-0398,test,eval,False,customer_support,document_processing,-37.1833577,22.4364485,19.7288922
syn-0400,test,eval,False,chitchat,chitchat,-26.4302527,33.1895535,30.4819972
syn-0404,test,eval,False,shipment_information.disruptions,shipment_information.disruptions,-44.3344392,15.285367,12.5778106
syn-0412,test,eval,False,shipment_information.realtime_query,shipment_information.realtime_query,-28.8565994,30.7632067,28.0556504
syn-0424,test,eval,False,other,other,-68.4204487,-8.80064248,-11.5081988
syn-0434,test,eval,False,orders,orders,-14.3386259,45.2811803,42.573624
syn-0438,test,eval,False,shipment_information.analytics,shipment_information.analytics,-39.2066948,20.4131114,17.7055551
syn-0441,test,eval,False,orders,orders,-22.5105055,37.1093006,34.4017443
syn-0442,test,eval,False,appointment_manager,appointment_manager,-45.241348,14.3784582,11.6709018
syn-0446,test,eval,False,appointment_manager,appointment_manager,-57.5663131,2.05349305,-0.65406326
syn-0462,test,eval,False,shipment_information.disruptions,shipment_information.disruptions,-53.5546365,6.06516965,3.35761334
syn-0466,test,eval,False,ai_agent_performance,ai_agent_performance,-28.0472291,31.572577,28.8650207
syn-0467,test,eval,False,shipment_information.analytics,shipment_information.analytics,-61.1653921,-1.54558589,-4.2531422
syn-0470,test,eval,False,yard_management,yard_management,-28.6602426,30.9595636,28.2520073
syn-0475,test,eval,False,shipment_information.realtime_query,orders,-49.0628739,10.5569323,7.84937595
syn-0479,test,eval,False,shipment_information.analytics,shipment_information.analytics,-22.9641971,36.6556091,33.9480528
syn-0483,test,eval,False,yard_management,yard_management,-45.1261579,14.4936483,11.786092
syn-0494,test,eval,False,ai_agent_performance,ai_agent_performance,-12.293192,47.3266141,44.6190578
syn-0500,test,eval,False,yard_management,yard_management,-30.0385573,29.5812488,26.8736925
syn-0033,train,eval,True,knowledge_base,document_processing,-66.210059,-6.59025281,-9.29780912
syn-0036,train,eval,True,knowledge_base,document_processing,-51.2975374,8.32226882,5.61471251
syn-0038,train,eval,True,knowledge_base,document_processing,-47.6392056,11.9806005,9.27304423
syn-0054,train,eval,True,knowledge_base,shipment_information.disruptions,-64.7349944,-5.11518824,-7.82274455
syn-0060,test,eval,True,knowledge_base,document_processing,-65.3684124,-5.74860618,-8.45616249
syn-0067,train,eval,True,knowledge_base,document_processing,-65.1641948,-5.54438866,-8.25194497
syn-0074,train,eval,True,knowledge_base,ai_agent_performance,-77.331944,-17.7121378,-20.4196941
syn-0076,val,eval,True,knowledge_base,shipment_information.realtime_query,-65.7294985,-6.1096923,-8.81724861
syn-0084,train,eval,True,knowledge_base,document_processing,-55.4743371,4.14546912,1.43791281
syn-0087,train,eval,True,knowledge_base,shipment_information.realtime_query,-64.3194604,-4.69965426,-7.40721057
syn-0090,val,eval,True,knowledge_base,ai_agent_performance,-69.3248282,-9.70502199,-12.4125783
syn-0093,train,eval,True,knowledge_base,orders,-31.588962,28.0308442,25.3232879
syn-0116,test,eval,True,knowledge_base,other,-56.5844269,3.0353793,0.327822987
syn-0118,train,eval,True,knowledge_base,document_processing,-66.5385234,-6.9187172,-9.62627351
syn-0134,train,eval,True,knowledge_base,shipment_information.analytics,-63.2044837,-3.58467753,-6.29223384
syn-0157,test,eval,True,knowledge_base,other,-47.2863237,12.3334825,9.62592618
syn-0160,train,eval,True,knowledge_base,customer_support,-61.7401609,-2.12035477,-4.82791108
syn-0166,train,eval,True,knowledge_base,document_processing,-51.840287,7.77951917,5.07196286
syn-0192,train,eval,True,knowledge_base,yard_management,-64.6219974,-5.00219125,-7.70974756
syn-0200,val,eval,True,knowledge_base,other,-59.1642225,0.455583699,-2.25197261
syn-0245,test,eval,True,knowledge_base,document_processing,-59.9936802,-0.373874014,-3.08143032
syn-0261,train,eval,True,knowledge_base,document_processing,-60.0029558,-0.383149597,-3.09070591
syn-0306,train,eval,True,knowledge_base,yard_management,-65.036355,-5.41654882,-8.12410513
syn-0333,val,eval,True,knowledge_base,document_processing,-44.5090301,15.1107761,12.4032198
syn-0337,test,eval,True,knowledge_base,other,-67.7559384,-8.13613221,-10.8436885
syn-0349,train,eval,True,knowledge_base,document_processing,-61.2440087,-1.6242025,-4.33175881
syn-0355,train,eval,True,knowledge_base,shipment_information.realtime_query,-48.4135514,11.2062548,8.49869848
syn-0376,train,eval,True,knowledge_base,orders,-38.6090983,21.0107078,18.3031515
syn-0377,train,eval,True,knowledge_base,other,-58.4113187,1.20848747,-1.49906884
syn-0385,val,eval,True,knowledge_base,document_processing,-29.3140701,30.3057361,27.5981798
syn-0388,val,eval,True,knowledge_base,other,-55.1718898,4.44791635,1.74036004
syn-0394,test,eval,True,knowledge_base,document_processing,-31.7542235,27.8655826,25.1580263
syn-0414,train,eval,True,knowledge_base,document_processing,-23.7773483,35.8424579,33.1349016
syn-0425,train,eval,True,knowledge_base,document_processing,-51.4722149,8.1475913,5.44003499
syn-0427,train,eval,True,knowledge_base,document_processing,-47.7232258,11.8965804,9.18902405
syn-0433,train,eval,True,knowledge_base,document_processing,-52.5991085,7.02069767,4.31314136
syn-0444,train,eval,True,knowledge_base,orders,-41.6804774,17.9393288,15.2317725
syn-0459,train,eval,True,knowledge_base,shipment_information.analytics,-60.1461255,-0.526319281,-3.23387559
syn-0471,train,eval,True,knowledge_base,yard_management,-55.2514276,4.36837855,1.66082224
syn-0497,train,eval,True,knowledge_base,shipment_information.analytics,-65.6452011,-6.02539495,-8.73295126
