id,swap,gold,clean_pred,swap_pred
syn-0053,LD->REF,10,10,6
syn-0098,LD->REF,10,10,10
syn-0248,LD->REF,6,6,6
syn-0270,LD->REF,10,10,6
syn-0302,LD->REF,10,10,6
syn-0328,LD->REF,10,10,6
syn-0020,PO->REF,6,6,6
syn-0223,PO->REF,6,6,6
syn-0276,PO->REF,6,6,6
syn-0069,other->REF,11,11,11
syn-0241,other->REF,1,1,1
syn-0318,other->REF,11,11,11
syn-0372,other->REF,1,1,1
syn-0419,other->REF,1,1,1
syn-0454,other->REF,11,11,11
syn-0489,other->REF,11,11,4
syn-0045,LD->REF,9,9,9
syn-0086,LD->REF,10,10,10
syn-0146,LD->REF,10,10,10
syn-0191,LD->REF,4,4,4
syn-0295,LD->REF,10,10,10
syn-0406,LD->REF,4,4,4
syn-0018,PO->REF,3,6,3
syn-0032,PO->REF,4,4,4
syn-0071,PO->REF,6,6,6
syn-0268,PO->REF,6,6,6
syn-0346,PO->REF,6,6,6
syn-0091,other->REF,4,4,4
syn-0449,other->REF,11,11,11
syn-0453,other->REF,1,1,10
syn-0456,other->REF,11,11,11
syn-0482,other->REF,1,1,3
syn-0026,LD->REF,10,10,10
syn-0172,LD->REF,10,10,10
syn-0188,LD->REF,10,10,10
syn-0262,LD->REF,10,10,10
syn-0409,LD->REF,10,10,10
syn-0450,LD->REF,10,10,10
syn-0488,LD->REF,10,10,10
syn-0240,PO->REF,6,6,4
syn-0334,PO->REF,6,6,5
syn-0436,PO->REF,6,6,6
syn-0458,PO->REF,6,6,6
syn-0048,other->REF,11,11,11
syn-0050,other->REF,4,4,6
syn-0085,other->REF,3,1,6
syn-0114,other->REF,4,4,6
syn-0129,other->REF,11,11,11
syn-0247,other->REF,3,3,3
syn-0335,other->REF,3,11,11
syn-0463,other->REF,11,11,11
syn-0035,LD->REF,9,9,9
syn-0040,LD->REF,4,4,4
syn-0123,LD->REF,10,10,10
syn-0174,LD->REF,10,10,10
syn-0300,LD->REF,10,10,10
syn-0310,LD->REF,10,10,10
syn-0340,LD->REF,9,9,9
syn-0410,LD->REF,10,10,10
syn-0435,LD->REF,10,10,10
syn-0485,LD->REF,10,10,10
syn-0064,PO->REF,6,6,10
syn-0117,PO->REF,6,6,3
syn-0124,PO->REF,6,6,6
syn-0170,PO->REF,6,6,6
syn-0228,PO->REF,6,6,3
syn-0142,other->REF,4,4,4
syn-0152,other->REF,3,3,3
syn-0430,other->REF,1,1,1
syn-0019,LD->REF,0,0,0
syn-0107,LD->REF,10,10,10
syn-0176,LD->REF,10,10,10
syn-0269,LD->REF,10,10,10
syn-0379,LD->REF,3,3,4
syn-0386,LD->REF,10,10,11
syn-0437,LD->REF,3,3,3
syn-0473,LD->REF,10,10,10
syn-0491,LD->REF,10,10,10
syn-0234,PO->REF,4,6,4
syn-0468,PO->REF,6,6,6
syn-0023,other->REF,1,1,1
syn-0061,other->REF,4,4,6
syn-0095,other->REF,11,11,11
syn-0402,other->REF,1,1,1
