id,split,set,is_unknown,gold,pred,msp,msp_temp,max_logit,neg_energy,maha_ft,knn1_ft,knn5_ft,maha_frozen,knn1_frozen,knn5_frozen
syn-0008,val,cal,False,shipment_information.analytics,shipment_information.analytics,0.990506589,0.989868164,6.33411169,6.34365045,-20.4336789,0.994264214,0.988767629,-21.9301171,0.935306777,0.8863589
syn-0011,val,cal,False,shipment_information.realtime_query,shipment_information.realtime_query,0.97546792,0.974131465,5.65302992,5.6778679,-61.5036656,0.939025644,0.926132932,-25.2584519,0.889463283,0.875347472
syn-0017,val,cal,False,customer_support,customer_support,0.981702507,0.980604231,5.67338181,5.69184877,-37.870958,0.987249531,0.975697222,-33.033382,0.892690449,0.835745377
syn-0027,val,cal,False,document_processing,document_processing,0.942269444,0.939869463,5.26791573,5.32737973,-69.1202549,0.886463889,0.859832221,-28.7768887,0.87606386,0.854410351
syn-0032,val,cal,False,document_processing,document_processing,0.983957469,0.982972503,6.07700348,6.09317608,-37.0896254,0.976567462,0.966734919,-27.8656127,0.880285143,0.851064612
syn-0041,val,cal,False,shipment_information.realtime_query,shipment_information.realtime_query,0.82998246,0.826297998,4.5188241,4.7051748,-97.4677516,0.755808093,0.740051505,-24.1018787,0.905606599,0.883452235
syn-0044,val,cal,False,chitchat,chitchat,0.985305905,0.98438549,5.98232079,5.99712391,-30.6495924,0.990191283,0.988599645,-32.5677451,0.890720222,0.870603815
syn-0048,val,cal,False,yard_management,yard_management,0.987599432,0.986802757,6.09952593,6.11200405,-35.9337458,0.981337176,0.973979376,-31.0540819,0.866229578,0.826585069
syn-0049,val,cal,False,shipment_information.analytics,shipment_information.analytics,0.98675549,0.985924006,6.11020136,6.12353434,-44.4542433,0.971423825,0.963748155,-29.6234891,0.843583584,0.831261796
syn-0057,val,cal,False,shipment_information.analytics,shipment_information.analytics,0.959099174,0.957113862,5.19384098,5.23560176,-79.2744398,0.883669707,0.866967587,-30.298417,0.87801357,0.864626288
syn-0063,val,cal,False,appointment_manager,appointment_manager,0.985360384,0.984447181,6.12537289,6.1401207,-31.7848491,0.982476608,0.979770026,-24.0422718,0.917761054,0.862084697
syn-0065,val,cal,False,yard_management,yard_management,0.986026764,0.985167384,6.13539219,6.14946396,-31.475249,0.982605448,0.967420253,-25.7036774,0.900233445,0.87912689
syn-0069,val,cal,False,yard_management,yard_management,0.981122255,0.980006278,5.73749971,5.75655791,-53.2992427,0.95254548,0.946650445,-32.6933235,0.862889158,0.838949964
syn-0072,val,cal,False,ai_agent_performance,ai_agent_performance,0.987520754,0.986718059,5.99658728,6.00914507,-23.6769286,0.988470309,0.982309793,-21.5324805,0.900742269,0.871378638
syn-0073,val,cal,False,yard_management,yard_management,0.975481629,0.974150598,5.68450975,5.7093337,-60.0493654,0.934723251,0.928388542,-27.8937097,0.861095731,0.852789616
syn-0076,val,cal,False,knowledge_base,knowledge_base,0.983185887,0.98217696,5.87178373,5.88874081,-40.1477848,0.975828406,0.969030119,-28.9360794,0.849623723,0.843883221
syn-0082,val,cal,False,appointment_manager,appointment_manager,0.854075611,0.850361109,4.51363277,4.67136835,-97.5249294,0.823374262,0.783421442,-34.0209505,0.84324857,0.8237907
syn-0090,val,cal,False,knowledge_base,knowledge_base,0.921864629,0.918779612,4.6627121,4.744069,-100.692078,0.817540306,0.792978042,-32.0784999,0.85239419,0.840173062
syn-0094,val,cal,False,appointment_manager,appointment_manager,0.979843676,0.978659809,5.79242325,5.81278548,-62.0020453,0.948897135,0.946738546,-30.5657101,0.852736032,0.832474664
syn-0100,val,cal,False,chitchat,chitchat,0.986124158,0.985244691,6.02038431,6.0343573,-16.522455,0.996146612,0.994751387,-29.4846202,0.892966297,0.861365234
syn-0109,val,cal,False,customer_support,customer_support,0.733420491,0.728463054,3.68662786,3.99666395,-118.625213,0.740887031,0.712040572,-26.4539388,0.883975057,0.876559112
syn-0127,val,cal,False,yard_management,yard_management,0.878879786,0.874792993,4.25069571,4.37980286,-103.391975,0.752666586,0.742498691,-34.108166,0.832668884,0.820343088
syn-0137,val,cal,False,shipment_information.analytics,shipment_information.analytics,0.99063015,0.989997506,6.32744741,6.33686145,-25.6824548,0.98925195,0.98820475,-26.6634812,0.890177387,0.865224598
syn-0139,val,cal,False,appointment_manager,appointment_manager,0.986979008,0.986152411,6.21908188,6.23218838,-27.4258189,0.988896027,0.983904913,-28.3799797,0.878706411,0.85273076
syn-0141,val,cal,False,chitchat,chitchat,0.985630453,0.984725535,6.00069237,6.01516616,-21.2056062,0.99609693,0.992657726,-27.1466501,0.920332752,0.860346096
syn-0153,val,cal,False,document_processing,knowledge_base,0.592344582,0.588979721,3.76407504,4.28774183,-118.427137,0.6107421,0.588288101,-27.683185,0.885813312,0.849565951
syn-0181,val,cal,False,shipment_information.realtime_query,shipment_information.realtime_query,0.707260787,0.703883231,4.1734376,4.51979342,-92.3883154,0.756423876,0.727602008,-25.2856425,0.906684061,0.861676588
syn-0183,val,cal,False,document_processing,knowledge_base,0.969994843,0.968497157,5.68922329,5.7196878,-60.0228976,0.925202597,0.903044248,-27.3185961,0.882492256,0.853018946
syn-0185,val,cal,False,other,other,0.89677012,0.893084764,4.38516521,4.49412097,-101.657224,0.842181691,0.830001438,-36.2187941,0.831345736,0.813346232
syn-0190,val,cal,False,customer_support,customer_support,0.801456153,0.797095954,4.08214903,4.30347401,-91.9027664,0.809455803,0.779505264,-32.4417108,0.867349143,0.851391568
syn-0200,val,cal,False,knowledge_base,knowledge_base,0.929117203,0.926363647,4.94830418,5.02182456,-75.8715905,0.90222407,0.889855887,-34.3473926,0.867542689,0.829148244
syn-0204,val,cal,False,appointment_manager,appointment_manager,0.985424817,0.98451525,6.09224796,6.10693041,-28.9557574,0.98318714,0.980648836,-22.90965,0.900124843,0.868133259
syn-0208,val,cal,False,shipment_information.analytics,shipment_information.analytics,0.987688541,0.986902952,6.15690041,6.16928829,-41.7389875,0.974144728,0.966985735,-28.8573446,0.882679243,0.857344173
syn-0210,val,cal,False,ai_agent_performance,ai_agent_performance,0.964463711,0.962654352,5.1890111,5.22519419,-61.2687113,0.929628484,0.91632948,-27.1676748,0.899984484,0.857745693
syn-0211,val,cal,False,ai_agent_performance,ai_agent_performance,0.987111211,0.986287236,5.97832918,5.99130176,-29.4660312,0.987162653,0.978796197,-20.7887198,0.912100866,0.877841427
syn-0218,val,cal,False,shipment_information.analytics,shipment_information.analytics,0.982601047,0.981577039,5.94887495,5.96642706,-56.0912834,0.948499508,0.942360964,-27.5753919,0.863919128,0.845712295
syn-0219,val,cal,False,ai_agent_performance,ai_agent_performance,0.98764801,0.986851811,6.01508522,6.02751412,-22.0259656,0.989309932,0.983257402,-20.6443518,0.901961466,0.889036662
syn-0229,val,cal,False,other,other,0.971416712,0.969850779,5.32594061,5.35494033,-71.9422175,0.947785757,0.940700643,-35.897804,0.840147407,0.815715965
syn-0247,val,cal,False,customer_support,knowledge_base,0.409617722,0.407018691,2.60776305,3.500294,-129.812142,0.524263219,0.51126909,-32.4967123,0.856865935,0.837224917
syn-0270,val,cal,False,shipment_information.realtime_query,shipment_information.realtime_query,0.979736269,0.978564501,5.80369091,5.82416275,-69.8724073,0.931245709,0.926191767,-27.1175257,0.890995048,0.866777843
syn-0272,val,cal,False,customer_support,appointment_manager,0.791762114,0.786275387,3.51867771,3.75217204,-122.361009,0.696427149,0.69269431,-31.5514857,0.875509548,0.857617101
syn-0278,val,cal,False,shipment_information.disruptions,shipment_information.disruptions,0.983482301,0.982470453,5.88253212,5.89918776,-41.3907781,0.976547955,0.968926483,-30.5725601,0.882058564,0.868441808
syn-0279,val,cal,False,ai_agent_performance,ai_agent_performance,0.984545946,0.983597159,5.86210823,5.87768294,-34.762185,0.983005048,0.971219948,-19.2942401,0.910788145,0.888392035
syn-0297,val,cal,False,yard_management,yard_management,0.988091648,0.987319887,6.14368677,6.15566658,-34.3893693,0.980053222,0.977359947,-28.655235,0.856706382,0.833888581
syn-0298,val,cal,False,other,other,0.97365272,0.972204328,5.46678305,5.49348363,-59.9866833,0.960334945,0.95538165,-41.863819,0.804096338,0.790569262
syn-0321,val,cal,False,shipment_information.disruptions,shipment_information.disruptions,0.980931401,0.979796827,5.71451044,5.73376316,-41.8766888,0.971729822,0.965860591,-27.4057264,0.908242362,0.860130851
syn-0326,val,cal,False,appointment_manager,appointment_manager,0.982369363,0.981307209,5.94082689,5.95861481,-35.1401545,0.982018474,0.967131353,-29.0104221,0.872101544,0.821845263
syn-0328,val,cal,False,shipment_information.realtime_query,shipment_information.realtime_query,0.99059701,0.989963651,6.38241768,6.39186516,-29.2563441,0.988331838,0.983419836,-28.8155467,0.87627314,0.863725928
syn-0333,val,cal,False,knowledge_base,knowledge_base,0.873819172,0.869932652,4.48475504,4.61963685,-100.936094,0.754636703,0.73168961,-25.2018347,0.871328671,0.856367689
syn-0353,val,cal,False,other,other,0.915511131,0.91237843,4.58036041,4.6686332,-92.1694359,0.870246497,0.864821442,-41.1250172,0.80423263,0.791311191
syn-0363,val,cal,False,shipment_information.disruptions,shipment_information.analytics,0.779015958,0.773944378,3.67729902,3.9270228,-122.588387,0.675572383,0.653210547,-27.4799457,0.873418578,0.862971891
syn-0366,val,cal,False,shipment_information.disruptions,shipment_information.disruptions,0.929240465,0.926402271,4.67397833,4.74736606,-92.2278386,0.864240101,0.82335227,-26.8304989,0.876593364,0.859887862
syn-0367,val,cal,False,document_processing,document_processing,0.982773364,0.981741846,6.0710535,6.08843025,-43.4393301,0.964283235,0.957012663,-31.3317497,0.869094184,0.81360002
syn-0374,val,cal,False,shipment_information.analytics,shipment_information.analytics,0.989634693,0.988948703,6.27536535,6.28578475,-30.7879633,0.983812926,0.979846233,-26.8406679,0.894731395,0.861229587
syn-0378,val,cal,False,chitchat,chitchat,0.984277904,0.983308792,5.92626858,5.94211557,-30.383218,0.98853358,0.987464063,-32.897671,0.86264098,0.835645696
syn-0385,val,cal,False,knowledge_base,document_processing,0.957055092,0.955159605,5.56762123,5.61151553,-57.5401458,0.930108901,0.884071547,-36.9637134,0.85312352,0.808217095
syn-0388,val,cal,False,knowledge_base,other,0.648969054,0.645526588,3.72655725,4.15892751,-116.939603,0.731217283,0.716368104,-35.7727512,0.839868499,0.816456866
syn-0391,val,cal,False,ai_agent_performance,ai_agent_performance,0.98803699,0.987263381,6.06165648,6.07369162,-21.4975876,0.994040605,0.983803251,-23.7359358,0.909375671,0.86257958
syn-0393,val,cal,False,chitchat,chitchat,0.984846473,0.983901978,5.94771719,5.96298672,-25.999604,0.99243212,0.990119489,-25.1064333,0.902841753,0.861640316
syn-0408,val,cal,False,document_processing,document_processing,0.884188414,0.88033545,4.47340727,4.59649238,-111.929966,0.771945308,0.760795707,-26.0535925,0.885643945,0.869063605
syn-0409,val,cal,False,shipment_information.realtime_query,shipment_information.realtime_query,0.990660906,0.990029931,6.37311125,6.38249423,-27.822101,0.98784438,0.986516478,-21.7106199,0.895871638,0.879879097
syn-0413,val,cal,False,shipment_information.disruptions,shipment_information.disruptions,0.981761098,0.980677485,5.81986904,5.83827631,-48.2124834,0.971013088,0.964161344,-30.1313692,0.897283757,0.853343921
syn-0435,val,cal,False,shipment_information.realtime_query,shipment_information.realtime_query,0.991505265,0.990922749,6.45605803,6.46458902,-18.5195343,0.993825563,0.992473302,-26.4992493,0.91837857,0.877676179
syn-0437,val,cal,False,customer_support,customer_support,0.692392945,0.687371373,3.51624632,3.88384797,-119.515134,0.664940338,0.652826994,-25.9371796,0.882761004,0.864127369
syn-0452,val,cal,False,shipment_information.realtime_query,shipment_information.realtime_query,0.987377763,0.986570418,6.12288666,6.13558923,-21.6168464,0.994357119,0.987275976,-22.6638226,0.899448884,0.877988881
syn-0453,val,cal,False,appointment_manager,appointment_manager,0.977107406,0.975815713,5.77785063,5.80100933,-49.8234162,0.955455366,0.946304879,-24.6881683,0.927313448,0.865412518
syn-0460,val,cal,False,shipment_information.analytics,shipment_information.analytics,0.985900164,0.985018194,6.01778507,6.03198524,-47.0327862,0.968684408,0.963570622,-25.3454623,0.890836246,0.856332555
syn-0001,test,eval,False,appointment_manager,appointment_manager,0.983233213,0.982230842,6.07185936,6.08876831,-34.3952157,0.979513459,0.966661425,-26.3714099,0.876876427,0.867717036
syn-0012,test,eval,False,customer_support,customer_support,0.975805461,0.974464893,5.58940077,5.61389281,-49.9674351,0.95462024,0.947859224,-28.0326193,0.898463786,0.862649242
syn-0021,test,eval,False,shipment_information.analytics,shipment_information.analytics,0.983961582,0.982992709,5.94808197,5.96425038,-56.5718924,0.950466065,0.944779208,-24.3917745,0.876813022,0.873603752
syn-0030,test,eval,False,appointment_manager,appointment_manager,0.982629299,0.981595278,6.02296686,6.04049019,-41.0970203,0.97161146,0.959965935,-24.7086873,0.877595145,0.862838335
syn-0047,test,eval,False,ai_agent_performance,ai_agent_performance,0.979642272,0.978461504,5.69887495,5.71944276,-55.2321598,0.942612117,0.936299678,-30.9359592,0.869550484,0.832886735
syn-0060,test,eval,False,knowledge_base,knowledge_base,0.979054868,0.977847874,5.71365547,5.73482304,-57.4288558,0.957212143,0.956077724,-34.2402885,0.848679863,0.83818404
syn-0078,test,eval,False,document_processing,document_processing,0.758064449,0.753987134,4.2326479,4.5096348,-110.829605,0.736991882,0.725103431,-28.714966,0.872092716,0.866007199
syn-0088,test,eval,False,ai_agent_performance,ai_agent_performance,0.949924111,0.947631836,4.99863482,5.050008,-72.811258,0.906790729,0.883496301,-29.0259071,0.903560388,0.856339134
syn-0089,test,eval,False,document_processing,document_processing,0.986495852,0.985639036,6.2116003,6.22519644,-37.1013783,0.978506109,0.968464449,-26.4488049,0.874768478,0.845156705
syn-0092,test,eval,False,yard_management,yard_management,0.987089813,0.986275554,6.09705687,6.11005114,-36.5870189,0.979197165,0.967921121,-23.7953676,0.931507429,0.898913665
syn-0099,test,eval,False,chitchat,chitchat,0.984822512,0.983879745,5.94170856,5.95700244,-27.0274775,0.993850177,0.987278535,-29.9346881,0.894156686,0.875671333
syn-0110,test,eval,False,shipment_information.disruptions,shipment_information.disruptions,0.957218528,0.955172479,5.14991903,5.1936426,-72.6151078,0.891468841,0.878162834,-24.7172762,0.892874743,0.879853152
syn-0115,test,eval,False,shipment_information.realtime_query,shipment_information.realtime_query,0.987788618,0.987001836,6.13528299,6.14756954,-31.4268397,0.980478602,0.978632827,-30.0134301,0.866954957,0.837405241
syn-0116,test,eval,False,knowledge_base,knowledge_base,0.842048109,0.838542223,4.55430079,4.72621888,-83.2495659,0.843434387,0.826729392,-37.7450654,0.825434984,0.814915386
syn-0126,test,eval,False,other,other,0.970371485,0.968779445,5.42039633,5.45047265,-66.7325994,0.951825858,0.944608608,-37.7483335,0.799852596,0.790698832
syn-0131,test,eval,False,document_processing,document_processing,0.832443893,0.829121351,4.78874159,4.97213104,-100.529248,0.799119682,0.79606772,-31.6309163,0.858345407,0.85015946
syn-0132,test,eval,False,document_processing,document_processing,0.9830814,0.982052743,6.03072548,6.04778882,-32.5249229,0.975831364,0.96178663,-27.7803631,0.890741124,0.841948358
syn-0157,test,eval,False,knowledge_base,knowledge_base,0.960368574,0.958539009,5.37281084,5.41324897,-54.1316079,0.937648929,0.9346517,-34.9705559,0.812901744,0.80320712
syn-0180,test,eval,False,appointment_manager,appointment_manager,0.968238354,0.966592073,5.49786758,5.53014457,-67.5604423,0.926955648,0.916775158,-27.8516608,0.886197847,0.857572965
syn-0212,test,eval,False,shipment_information.realtime_query,shipment_information.realtime_query,0.990299463,0.989648998,6.35859442,6.3683423,-27.0044885,0.99231954,0.987545342,-28.2812755,0.882640223,0.852672783
syn-0214,test,eval,False,customer_support,shipment_information.realtime_query,0.255612582,0.253952712,1.61421382,2.97830615,-138.473865,0.329771906,0.305657535,-27.8820684,0.892170036,0.864576128
syn-0216,test,eval,False,customer_support,customer_support,0.975185812,0.973842919,5.60874176,5.63386904,-47.7149498,0.963876039,0.949377629,-32.1882745,0.866954337,0.858596343
syn-0220,test,eval,False,chitchat,chitchat,0.984411895,0.983445883,5.92392445,5.93963533,-23.1263239,0.994343025,0.991972439,-29.1787006,0.930776017,0.877548952
syn-0227,test,eval,False,shipment_information.analytics,shipment_information.analytics,0.983573079,0.982580006,5.90434265,5.92090597,-61.2129146,0.949669479,0.941909489,-30.6857322,0.846600971,0.835108641
syn-0231,test,eval,False,ai_agent_performance,ai_agent_performance,0.987879515,0.987095356,6.02547312,6.03766767,-23.9480094,0.990091263,0.984653217,-23.256577,0.901250676,0.879709723
syn-0235,test,eval,False,shipment_information.analytics,shipment_information.analytics,0.968564868,0.966953993,5.46536541,5.49730521,-67.4331297,0.911162729,0.899035575,-25.638887,0.878819644,0.864860415
syn-0238,test,eval,False,document_processing,document_processing,0.981000364,0.979896486,6.00337267,6.02255514,-54.4465807,0.953084993,0.935606927,-31.3772777,0.86549547,0.847175248
syn-0245,test,eval,False,knowledge_base,knowledge_base,0.985721588,0.984826803,5.96020412,5.97458545,-27.5302947,0.989957011,0.985736638,-26.4560411,0.90216083,0.839683095
syn-0256,test,eval,False,yard_management,yard_management,0.952378988,0.950168729,5.05798292,5.10677517,-86.5498759,0.889454769,0.876502326,-26.8573377,0.893718179,0.862063689
syn-0266,test,eval,False,other,other,0.978687048,0.977461994,5.707973,5.72951636,-40.973922,0.978856654,0.969423565,-45.9334561,0.780462519,0.751338033
syn-0277,test,eval,False,shipment_information.realtime_query,shipment_information.realtime_query,0.984801948,0.983874083,6.0009985,6.01631325,-38.3706684,0.981519544,0.963871835,-24.4610898,0.887973392,0.883647798
syn-0287,test,eval,False,shipment_information.analytics,shipment_information.analytics,0.989816785,0.989141464,6.2955761,6.30581151,-37.3952134,0.979582254,0.97615494,-26.0312607,0.898272213,0.874448488
syn-0309,test,eval,False,document_processing,document_processing,0.982315242,0.981258988,6.00527143,6.02311445,-41.8706394,0.962253858,0.954662125,-26.9949383,0.885866528,0.850543962
syn-0315,test,eval,False,customer_support,customer_support,0.980323911,0.979180515,5.6897893,5.70966151,-37.1622128,0.977613156,0.967039464,-21.9607234,0.977488619,0.862987008
syn-0317,test,eval,False,shipment_information.disruptions,shipment_information.disruptions,0.971117675,0.969580352,5.4119091,5.44121674,-67.2184013,0.926598446,0.91695335,-26.2063617,0.921248242,0.869398046
syn-0319,test,eval,False,shipment_information.realtime_query,shipment_information.realtime_query,0.985523105,0.984620333,6.02097988,6.0355626,-31.0014513,0.985530487,0.979592607,-23.5143945,0.893946999,0.87690108
syn-0320,test,eval,False,customer_support,customer_support,0.983584046,0.982587457,5.81432009,5.83087225,-30.8718339,0.984149665,0.980961302,-24.274792,0.900496308,0.871807908
syn-0331,test,eval,False,shipment_information.disruptions,shipment_information.disruptions,0.97409749,0.972694039,5.58521986,5.61146372,-60.9154141,0.935447881,0.926261385,-32.4281095,0.865570743,0.818578634
syn-0337,test,eval,False,knowledge_base,knowledge_base,0.981040716,0.979934514,5.79900646,5.81814777,-37.7444588,0.979841107,0.974054337,-35.4542622,0.826313874,0.797067917
syn-0342,test,eval,False,ai_agent_performance,ai_agent_performance,0.982873082,0.981851816,5.84371233,5.86098763,-42.0415565,0.969506239,0.952289616,-26.2328423,0.930915287,0.841498799
syn-0344,test,eval,False,appointment_manager,appointment_manager,0.984596968,0.983643651,6.0623703,6.07789318,-33.6913682,0.979939065,0.976106857,-27.1977303,0.871759661,0.853357635
syn-0347,test,eval,False,appointment_manager,appointment_manager,0.987383425,0.98657155,6.22520638,6.23790322,-20.9545088,0.990916697,0.989675482,-24.0345264,0.892881802,0.874408772
syn-0361,test,eval,False,yard_management,yard_management,0.929354131,0.926487803,4.76418638,4.83745178,-90.6955221,0.837026901,0.81938857,-27.8811126,0.901605646,0.841886002
syn-0362,test,eval,False,chitchat,chitchat,0.986328006,0.985460818,6.03726196,6.05102831,-15.5821105,0.996216636,0.99495867,-26.3079571,0.9407377,0.886491892
syn-0365,test,eval,False,chitchat,chitchat,0.973336041,0.971858442,5.46203232,5.48905824,-62.1576519,0.961488172,0.956864121,-33.1953358,0.860182142,0.829229479
syn-0387,test,eval,False,shipment_information.realtime_query,shipment_information.realtime_query,0.990267277,0.989615023,6.34567881,6.3554592,-31.5218619,0.985158062,0.982172789,-29.0782757,0.890978955,0.860957067
syn-0389,test,eval,False,shipment_information.analytics,shipment_information.analytics,0.87768358,0.874077916,4.51636887,4.646838,-104.387301,0.795068277,0.777706865,-35.7634681,0.833175874,0.819448516
syn-0390,test,eval,False,other,other,0.949482143,0.947165132,5.02203751,5.07387609,-84.8381101,0.896294711,0.887623736,-36.6157265,0.821007394,0.796041828
syn-0394,test,eval,False,knowledge_base,knowledge_base,0.977191389,0.975923598,5.71412182,5.73719457,-35.4889838,0.98577915,0.949547845,-27.7566909,0.915798221,0.820622858
syn-0395,test,eval,False,shipment_information.realtime_query,shipment_information.realtime_query,0.990563273,0.989926696,6.35827017,6.36775172,-18.6239433,0.99439807,0.993241946,-26.8199641,0.876044067,0.864280175
syn-0398,test,eval,False,customer_support,document_processing,0.835635304,0.83205986,4.69572163,4.87528465,-97.6529168,0.799618704,0.783663341,-27.2554138,0.904567178,0.875010789
syn-0400,test,eval,False,chitchat,chitchat,0.981915236,0.980825722,5.8071909,5.82544118,-37.939341,0.987406416,0.985598072,-35.4609448,0.858244991,0.82893501
syn-0404,test,eval,False,shipment_information.disruptions,shipment_information.disruptions,0.974991083,0.973626435,5.57739019,5.60271712,-58.6762478,0.94518417,0.934169371,-29.7647487,0.893850632,0.865031433
syn-0412,test,eval,False,shipment_information.realtime_query,shipment_information.realtime_query,0.987539828,0.986740053,6.10585546,6.1183939,-30.0711945,0.983443015,0.980208153,-26.080991,0.909947653,0.881647973
syn-0424,test,eval,False,other,other,0.916773021,0.913421392,4.42214584,4.5090412,-112.645071,0.846910931,0.833225568,-35.3979268,0.842323724,0.826063751
syn-0438,test,eval,False,shipment_information.analytics,shipment_information.analytics,0.800100446,0.79681462,4.65647078,4.87948879,-81.5727492,0.789930292,0.773889857,-25.5054038,0.878831398,0.862415177
syn-0442,test,eval,False,appointment_manager,appointment_manager,0.974030137,0.972614348,5.71664,5.74295302,-66.0577348,0.927363542,0.92143569,-31.1799104,0.877048172,0.830577843
syn-0446,test,eval,False,appointment_manager,knowledge_base,0.566564023,0.562582433,3.17212892,3.74029405,-120.558811,0.608022753,0.590619375,-31.2213409,0.839539317,0.829883641
syn-0462,test,eval,False,shipment_information.disruptions,shipment_information.disruptions,0.642589629,0.639187634,3.67196012,4.11420905,-117.38373,0.696572391,0.68849895,-31.107398,0.871684481,0.851407226
syn-0466,test,eval,False,ai_agent_performance,ai_agent_performance,0.957653522,0.955619097,5.11618233,5.15945156,-66.800766,0.911553088,0.899579368,-28.4088335,0.9150839,0.852638062
syn-0467,test,eval,False,shipment_information.analytics,shipment_information.analytics,0.982197046,0.981133521,5.77240229,5.79036563,-61.6839625,0.943768222,0.935190605,-28.4051699,0.871963282,0.855898429
syn-0470,test,eval,False,yard_management,yard_management,0.986011088,0.985131681,5.98765564,6.00174334,-38.4195866,0.977791637,0.971510323,-32.7780077,0.877183773,0.843132471
syn-0475,test,eval,False,shipment_information.realtime_query,shipment_information.realtime_query,0.990032017,0.98936528,6.32201624,6.33203423,-34.0489816,0.984361878,0.98221511,-27.2802881,0.89530357,0.852088125
syn-0479,test,eval,False,shipment_information.analytics,shipment_information.analytics,0.988396466,0.987646997,6.20290661,6.21457801,-46.1579943,0.968435068,0.966598053,-25.5767753,0.911014476,0.870911753
syn-0483,test,eval,False,yard_management,yard_management,0.920945823,0.917833865,4.69846249,4.78081655,-89.0790355,0.813891895,0.807748422,-34.3077702,0.840246582,0.822343966
syn-0494,test,eval,False,ai_agent_performance,ai_agent_performance,0.984719336,0.983782709,5.8956418,5.91104042,-36.2601116,0.98219831,0.966999162,-28.0693338,0.854605788,0.84969688
syn-0500,test,eval,False,yard_management,yard_management,0.984813988,0.983882368,5.98520565,6.00050816,-47.9071413,0.961110345,0.958150265,-27.4206699,0.875181934,0.868129713
syn-0007,train,eval,True,orders,shipment_information.analytics,0.843918085,0.839397311,4.06053877,4.23023863,-102.517849,0.718170301,0.708876632,-31.8504464,0.868647015,0.841528912
syn-0013,train,eval,True,orders,shipment_information.realtime_query,0.835590124,0.831396997,4.21410799,4.39372507,-110.073909,0.762988141,0.755315697,-28.4411453,0.901233112,0.839419715
syn-0015,train,eval,True,orders,shipment_information.analytics,0.698800147,0.694286883,3.68810344,4.0464939,-111.662126,0.657483871,0.643994035,-24.4293489,0.889049599,0.875950182
syn-0020,train,eval,True,orders,document_processing,0.691783428,0.686381519,3.38431787,3.75280022,-127.193246,0.650004861,0.637099735,-34.591142,0.850673119,0.835518712
syn-0028,test,eval,True,orders,document_processing,0.809970975,0.805084586,3.95813537,4.16889221,-111.860882,0.726602663,0.708941087,-31.8613307,0.878719893,0.854311931
syn-0064,val,eval,True,orders,shipment_information.realtime_query,0.523129106,0.519803345,3.20801163,3.85593864,-138.257578,0.559743997,0.553745134,-35.3103132,0.828004688,0.819306131
syn-0066,test,eval,True,orders,shipment_information.analytics,0.981911719,0.980840743,5.84090471,5.8591586,-62.2570155,0.94698821,0.935501209,-26.5301592,0.883487128,0.864614252
syn-0071,train,eval,True,orders,appointment_manager,0.91131711,0.9081164,4.78996086,4.8828252,-94.4709784,0.812060556,0.801374653,-29.6181871,0.862925702,0.846049534
syn-0096,test,eval,True,orders,shipment_information.analytics,0.984761238,0.983824372,5.94575357,5.96110966,-50.9803536,0.956861306,0.952511532,-22.4834149,0.90197042,0.880341575
syn-0104,test,eval,True,orders,appointment_manager,0.576757848,0.571916401,3.12054014,3.67087292,-124.846845,0.600635104,0.557447861,-28.881999,0.893583868,0.85440568
syn-0117,train,eval,True,orders,customer_support,0.901444435,0.898171306,4.70724106,4.81099793,-91.9744432,0.849883216,0.818362469,-28.827828,0.865456339,0.850392499
syn-0119,val,eval,True,orders,shipment_information.realtime_query,0.921774149,0.918840468,4.79449272,4.87594778,-79.2461308,0.851532007,0.843096332,-24.4088581,0.902818974,0.87262196
syn-0124,train,eval,True,orders,document_processing,0.256664306,0.255748481,2.17567825,3.53566453,-140.82885,0.441878257,0.428152321,-27.9189219,0.884553384,0.863437759
syn-0130,val,eval,True,orders,shipment_information.analytics,0.986301303,0.985435724,6.00478315,6.01857652,-52.0338515,0.960294991,0.953187335,-28.1751893,0.89971637,0.853440546
syn-0136,train,eval,True,orders,appointment_manager,0.700137675,0.694612741,3.40445709,3.76093535,-126.278635,0.608475951,0.591363914,-25.912703,0.896679543,0.869960365
syn-0156,train,eval,True,orders,appointment_manager,0.928216696,0.925263643,4.74581051,4.82030059,-93.6385246,0.817927177,0.808740288,-30.4162489,0.876150295,0.858501284
syn-0170,train,eval,True,orders,document_processing,0.431273639,0.429557413,3.11497378,3.95598631,-134.234519,0.590942776,0.568299996,-36.1648478,0.832882797,0.821389994
syn-0171,val,eval,True,orders,shipment_information.analytics,0.980274677,0.979139686,5.78607607,5.80599854,-61.3859975,0.940291414,0.931982821,-26.7875303,0.882142688,0.861876985
syn-0182,train,eval,True,orders,shipment_information.analytics,0.880740702,0.877011836,4.45477772,4.58176972,-94.1313935,0.784851927,0.766255322,-26.7901114,0.871102674,0.853123319
syn-0199,test,eval,True,orders,knowledge_base,0.79171747,0.787183404,4.14848328,4.38203399,-107.559785,0.740344086,0.703930233,-33.3077819,0.842031063,0.830753995
syn-0217,train,eval,True,orders,shipment_information.realtime_query,0.876877427,0.872896671,4.26002979,4.39141785,-101.867271,0.782605286,0.76509548,-29.3956836,0.884215452,0.832278232
syn-0223,train,eval,True,orders,shipment_information.analytics,0.569363952,0.564778268,3.09655333,3.6597887,-125.213121,0.563399785,0.532343979,-35.141345,0.862382099,0.821949557
syn-0226,train,eval,True,orders,shipment_information.realtime_query,0.921054959,0.918177664,4.89252949,4.97476506,-82.8388138,0.865476552,0.832583625,-26.5182685,0.889874122,0.87895725
syn-0228,train,eval,True,orders,document_processing,0.783692837,0.779396713,4.0846014,4.32833955,-103.1846,0.765545622,0.733655408,-31.7891615,0.893826935,0.83275563
syn-0239,train,eval,True,orders,shipment_information.realtime_query,0.800294995,0.795303524,3.87797379,4.10074864,-114.810795,0.714657127,0.701783044,-34.7171299,0.849125215,0.822146195
syn-0240,train,eval,True,orders,document_processing,0.959814787,0.957831919,5.36414671,5.40516167,-76.2667366,0.894181978,0.877283421,-32.8136951,0.849829191,0.841769299
syn-0248,train,eval,True,orders,shipment_information.realtime_query,0.917895257,0.914858341,4.8708539,4.95652592,-95.8247166,0.829465436,0.821398818,-28.6091253,0.871790751,0.856236714
syn-0268,train,eval,True,orders,document_processing,0.848612964,0.84409219,4.12697506,4.29112713,-111.90114,0.749155037,0.732224382,-34.2387814,0.861202208,0.824267318
syn-0276,train,eval,True,orders,shipment_information.realtime_query,0.671179295,0.66641134,3.59318972,3.99190868,-131.212333,0.650866735,0.642655941,-33.1948582,0.851129874,0.82941442
syn-0332,train,eval,True,orders,shipment_information.realtime_query,0.482223153,0.478230268,2.77118874,3.50053703,-130.922834,0.51638175,0.499731539,-28.2219722,0.876342082,0.861832864
syn-0334,train,eval,True,orders,knowledge_base,0.934326768,0.931559801,4.82460546,4.89253451,-89.1860832,0.856210586,0.847206667,-32.4176001,0.87590036,0.839860773
syn-0346,train,eval,True,orders,customer_support,0.507209301,0.502793014,2.6483779,3.32720938,-143.928862,0.563417445,0.548866094,-36.1205622,0.842536389,0.832433449
syn-0369,train,eval,True,orders,appointment_manager,0.492446601,0.491068691,3.6368804,4.34524966,-108.819155,0.719834606,0.663708291,-30.2074606,0.859476556,0.845312056
syn-0371,train,eval,True,orders,shipment_information.realtime_query,0.765832901,0.761476636,4.01467419,4.28146543,-102.564763,0.757118389,0.718235395,-24.1510566,0.887313843,0.87783879
syn-0407,val,eval,True,orders,customer_support,0.948531866,0.946345866,5.16323709,5.21607696,-66.0850271,0.937085362,0.906902847,-29.8015417,0.873606234,0.856169514
syn-0432,train,eval,True,orders,shipment_information.realtime_query,0.66752553,0.661989629,3.25816011,3.6623378,-122.634426,0.588769268,0.568703394,-25.513168,0.885819842,0.87511841
syn-0434,test,eval,True,orders,shipment_information.analytics,0.682237506,0.676868737,3.29461098,3.67698843,-118.346287,0.626468859,0.611737867,-28.8825337,0.861258718,0.847488525
syn-0436,train,eval,True,orders,document_processing,0.670706868,0.665328801,3.37215209,3.77157521,-116.658465,0.646461507,0.61986588,-33.1329317,0.847884338,0.836896968
syn-0439,val,eval,True,orders,shipment_information.analytics,0.965786099,0.964075446,5.38347626,5.41828917,-75.5421491,0.899701848,0.890045,-27.9912026,0.888783327,0.866306281
syn-0441,test,eval,True,orders,appointment_manager,0.466404587,0.463224977,2.85220003,3.61490186,-132.42697,0.532153606,0.512155136,-29.4370841,0.877385817,0.858678942
syn-0445,train,eval,True,orders,shipment_information.analytics,0.986103594,0.985226333,5.96691418,5.98090802,-47.1011853,0.971141048,0.962005509,-26.1265766,0.921042354,0.883505835
syn-0458,train,eval,True,orders,shipment_information.realtime_query,0.946825624,0.944435418,5.09306955,5.14770992,-81.8727745,0.867637027,0.85753402,-28.8828966,0.876571387,0.857350584
syn-0468,val,eval,True,orders,appointment_manager,0.376492292,0.374166757,2.34587145,3.32272917,-130.889015,0.487309036,0.463515065,-31.6821447,0.861925479,0.850271147
syn-0487,train,eval,True,orders,shipment_information.analytics,0.96226269,0.960356236,5.1583333,5.19680109,-87.5621516,0.884049687,0.872696865,-28.534238,0.871157901,0.858315623
syn-0492,train,eval,True,orders,shipment_information.realtime_query,0.53371191,0.530099392,3.17101264,3.79891174,-118.871585,0.626422044,0.603074544,-25.4883932,0.892405294,0.867496399
