id,gold,clean_pred,noise_pred
syn-0003,2,2,2
syn-0004,10,10,10
syn-0006,7,7,7
syn-0008,8,8,8
syn-0011,10,10,10
syn-0015,6,6,6
syn-0016,9,9,10
syn-0017,3,3,3
syn-0020,6,6,6
syn-0034,0,0,0
syn-0044,2,2,2
syn-0049,8,8,8
syn-0052,4,4,0
syn-0053,10,10,10
syn-0055,3,3,3
syn-0063,1,1,1
syn-0069,11,11,11
syn-0072,0,0,0
syn-0073,11,11,11
syn-0077,2,2,2
syn-0081,10,10,10
syn-0084,5,5,5
syn-0090,5,5,5
syn-0093,5,5,6
syn-0098,10,10,10
syn-0101,3,3,3
syn-0109,3,3,9
syn-0120,3,3,3
syn-0121,9,9,9
syn-0139,1,1,1
syn-0148,7,7,7
syn-0155,4,4,4
syn-0158,1,1,1
syn-0166,5,5,4
syn-0169,4,4,4
syn-0173,8,8,8
syn-0175,11,11,11
syn-0196,4,4,4
syn-0223,6,6,6
syn-0230,9,9,9
syn-0233,8,8,8
syn-0241,1,1,4
syn-0246,8,8,8
syn-0248,6,6,6
syn-0249,8,8,8
syn-0252,8,8,8
syn-0254,7,7,11
syn-0270,10,10,10
syn-0273,0,0,0
syn-0274,9,9,9
syn-0275,0,0,0
syn-0276,6,10,10
syn-0284,0,0,4
syn-0296,3,3,3
syn-0302,10,10,10
syn-0304,1,1,1
syn-0311,9,9,9
syn-0316,0,0,10
syn-0318,11,11,11
syn-0328,10,10,10
syn-0332,6,6,6
syn-0345,7,7,7
syn-0354,8,8,8
syn-0356,8,8,8
syn-0357,3,3,3
syn-0371,6,6,6
syn-0372,1,1,1
syn-0380,4,5,4
syn-0382,0,0,0
syn-0383,2,2,2
syn-0419,1,1,1
syn-0421,10,10,10
syn-0425,5,5,4
syn-0448,4,5,4
syn-0452,10,10,10
syn-0454,11,11,11
syn-0455,2,2,3
syn-0457,9,9,9
syn-0459,5,1,4
syn-0480,1,1,1
syn-0487,6,6,6
syn-0489,11,11,11
syn-0495,2,2,2
syn-0496,8,8,8
syn-0497,5,5,4
syn-0498,7,7,7
syn-0013,6,6,6
syn-0018,3,6,6
syn-0031,0,0,0
syn-0032,4,4,4
syn-0037,8,8,8
syn-0041,10,10,10
syn-0042,9,9,9
syn-0045,9,9,10
syn-0046,8,8,8
syn-0057,8,8,8
syn-0059,3,3,3
syn-0070,2,2,2
syn-0071,6,6,6
syn-0076,5,5,5
syn-0079,1,1,1
syn-0086,10,10,10
syn-0087,5,5,8
syn-0091,4,4,4
syn-0111,3,3,3
syn-0118,5,5,5
syn-0128,2,2,2
syn-0130,6,8,8
syn-0133,2,2,2
syn-0134,5,5,8
syn-0146,10,10,10
syn-0147,0,0,0
syn-0151,10,10,11
syn-0167,0,0,0
syn-0181,10,10,10
syn-0187,3,3,3
syn-0191,4,4,10
syn-0202,10,10,10
syn-0213,0,0,0
syn-0222,8,8,8
syn-0232,8,8,8
syn-0236,11,11,8
syn-0237,4,4,4
syn-0264,0,0,0
syn-0267,4,4,4
syn-0268,6,6,6
syn-0271,2,2,2
syn-0272,3,3,4
syn-0279,0,0,0
syn-0281,10,5,10
syn-0283,7,7,7
syn-0294,1,1,1
syn-0295,10,10,10
syn-0297,11,11,11
syn-0298,7,7,7
syn-0308,3,3,3
syn-0313,11,11,11
syn-0314,8,8,8
syn-0325,4,4,4
syn-0336,0,0,0
syn-0343,8,8,8
syn-0346,6,6,6
syn-0348,9,9,6
syn-0358,2,2,2
syn-0366,9,9,9
syn-0369,6,5,6
syn-0370,9,9,9
syn-0373,11,11,11
syn-0374,8,8,8
syn-0381,8,8,8
syn-0396,3,3,3
syn-0397,1,1,1
syn-0401,11,11,11
syn-0406,4,0,0
syn-0415,1,11,11
syn-0416,2,2,2
syn-0426,10,10,10
syn-0427,5,5,5
syn-0439,6,6,8
syn-0443,7,7,7
syn-0444,5,5,5
syn-0449,11,11,11
syn-0453,1,6,10
syn-0456,11,11,11
syn-0460,8,8,8
syn-0465,7,7,7
syn-0471,5,5,5
syn-0481,9,9,9
syn-0482,1,3,10
syn-0486,1,1,8
syn-0490,7,7,7
syn-0009,8,8,8
syn-0010,9,9,9
syn-0022,10,11,11
syn-0026,10,10,10
syn-0038,5,5,5
syn-0039,1,1,10
syn-0048,11,11,11
syn-0050,4,4,4
syn-0085,3,1,11
syn-0094,1,1,1
syn-0097,10,10,10
syn-0103,11,11,11
syn-0114,4,3,4
syn-0129,11,11,11
syn-0137,8,8,8
syn-0140,11,11,10
syn-0141,2,2,2
syn-0143,1,1,1
syn-0144,9,9,9
syn-0153,4,5,5
syn-0154,1,1,1
syn-0160,5,5,4
syn-0163,4,4,4
syn-0164,8,8,8
syn-0165,8,8,8
syn-0171,6,6,6
syn-0172,10,10,10
syn-0178,9,9,11
syn-0179,1,1,10
syn-0183,4,4,4
syn-0186,3,3,3
syn-0188,10,10,10
syn-0193,11,11,11
syn-0197,11,11,11
syn-0210,0,0,0
syn-0218,8,8,10
syn-0225,7,7,7
syn-0239,6,6,6
syn-0240,6,4,4
syn-0242,0,0,0
syn-0247,3,3,3
syn-0261,5,5,4
syn-0262,10,10,10
syn-0263,0,0,0
syn-0278,9,9,9
syn-0280,0,0,0
syn-0282,7,7,5
syn-0288,9,9,9
syn-0290,0,0,0
syn-0291,1,1,10
syn-0293,0,0,8
syn-0301,3,3,10
syn-0322,2,2,2
syn-0323,7,7,7
syn-0329,8,8,10
syn-0330,0,0,1
syn-0334,6,6,6
syn-0335,3,11,11
syn-0349,5,5,5
syn-0359,4,4,4
syn-0367,4,4,4
syn-0384,1,1,8
syn-0388,5,5,7
syn-0393,2,2,2
syn-0407,6,6,6
syn-0409,10,10,10
syn-0411,2,2,2
syn-0414,5,4,4
syn-0417,7,4,4
syn-0423,9,9,9
syn-0431,3,3,3
syn-0433,5,5,5
syn-0436,6,6,6
syn-0440,1,1,11
syn-0450,10,10,10
syn-0451,8,8,8
syn-0458,6,6,6
syn-0461,2,2,2
syn-0463,11,11,11
syn-0472,8,8,8
syn-0476,7,7,7
syn-0478,2,2,2
syn-0488,10,10,10
syn-0492,6,6,6
syn-0493,8,8,8
syn-0002,1,1,1
syn-0005,11,11,11
syn-0025,8,8,8
syn-0027,4,4,4
syn-0033,5,5,4
syn-0035,9,9,10
syn-0040,4,4,4
syn-0051,3,3,3
syn-0054,5,5,5
syn-0056,8,8,8
syn-0058,9,9,9
syn-0062,7,7,7
syn-0064,6,10,10
syn-0065,11,11,11
syn-0067,5,5,5
syn-0068,10,9,10
syn-0080,3,3,8
syn-0100,2,2,2
syn-0112,4,4,4
syn-0117,6,3,4
syn-0123,10,10,10
syn-0124,6,6,1
syn-0125,9,9,10
syn-0135,0,0,0
syn-0142,4,4,4
syn-0145,2,2,11
syn-0149,8,8,8
syn-0150,3,3,1
syn-0152,3,3,4
syn-0159,11,11,11
syn-0162,9,9,9
syn-0168,1,1,1
syn-0170,6,6,11
syn-0174,10,10,10
syn-0177,8,8,8
syn-0182,6,6,6
syn-0184,2,2,2
syn-0190,3,1,4
syn-0198,0,0,0
syn-0201,0,0,8
syn-0204,1,1,1
syn-0205,2,2,2
syn-0206,8,8,10
syn-0215,10,10,10
syn-0221,11,11,10
syn-0228,6,4,10
syn-0244,3,3,3
syn-0251,10,10,10
syn-0257,4,4,4
syn-0258,3,3,4
syn-0292,11,11,11
syn-0300,10,10,10
syn-0303,7,7,5
syn-0306,5,5,10
syn-0310,10,10,10
syn-0312,11,11,11
syn-0324,7,7,7
syn-0327,1,1,8
syn-0339,7,7,7
syn-0340,9,9,9
syn-0341,8,8,8
syn-0351,11,11,11
syn-0355,5,5,10
syn-0360,0,0,1
syn-0364,4,4,4
syn-0375,8,8,8
syn-0376,5,5,5
syn-0385,5,4,4
syn-0392,1,1,1
syn-0405,8,8,8
syn-0410,10,10,10
syn-0418,0,0,0
syn-0420,2,2,2
syn-0422,1,1,10
syn-0428,8,1,1
syn-0429,2,2,2
syn-0430,1,1,11
syn-0435,10,10,10
syn-0445,6,6,6
syn-0447,7,7,7
syn-0464,4,4,4
syn-0469,9,9,9
syn-0474,0,0,0
syn-0477,7,7,3
syn-0485,10,10,10
syn-0007,6,6,8
syn-0014,0,0,8
syn-0019,0,0,4
syn-0023,1,1,10
syn-0024,2,2,2
syn-0029,2,2,2
syn-0036,5,5,4
syn-0043,9,9,9
syn-0061,4,4,4
syn-0074,5,5,1
syn-0075,7,7,7
syn-0082,1,6,6
syn-0083,0,0,0
syn-0095,11,11,11
syn-0102,1,1,1
syn-0105,4,4,4
syn-0106,10,10,10
syn-0107,10,10,10
syn-0108,8,8,8
syn-0113,11,11,11
syn-0119,6,6,10
syn-0122,3,3,3
syn-0127,11,11,11
syn-0136,6,6,6
syn-0138,4,4,10
syn-0156,6,6,6
syn-0161,2,2,2
syn-0176,10,10,10
syn-0185,7,7,7
syn-0189,10,10,10
syn-0192,5,5,5
syn-0194,1,1,1
syn-0195,4,4,4
syn-0200,5,5,5
syn-0203,8,8,8
syn-0207,0,0,0
syn-0208,8,8,8
syn-0209,7,7,7
syn-0211,0,0,0
syn-0217,6,6,1
syn-0219,0,0,8
syn-0224,8,8,10
syn-0226,6,6,6
syn-0229,7,7,5
syn-0234,4,6,6
syn-0243,10,10,11
syn-0250,11,11,11
syn-0253,3,3,3
syn-0255,2,2,2
syn-0259,4,4,4
syn-0260,11,11,11
syn-0265,3,3,1
syn-0269,10,10,10
syn-0285,11,11,0
syn-0286,8,8,8
syn-0289,8,7,8
syn-0299,1,1,1
syn-0305,1,1,1
syn-0307,3,3,1
syn-0321,9,9,9
syn-0326,1,1,1
syn-0333,5,5,4
syn-0338,8,8,8
syn-0350,2,2,2
syn-0352,8,8,8
syn-0353,7,7,5
syn-0363,9,9,9
syn-0368,9,9,9
syn-0377,5,7,5
syn-0378,2,2,2
syn-0379,3,3,3
syn-0386,10,10,10
syn-0391,0,0,0
syn-0399,8,8,10
syn-0402,1,1,10
syn-0403,9,9,8
syn-0408,4,4,4
syn-0413,9,9,9
syn-0432,6,6,10
syn-0437,3,3,10
syn-0468,6,6,6
syn-0473,10,10,10
syn-0484,3,3,3
syn-0491,10,10,10
syn-0499,11,11,11
