id,lang,system,kept,gold,en_pred,mt_pred
syn-0003,es,facebook/m2m100_418M,False,2,2,2
syn-0004,es,facebook/m2m100_418M,True,10,10,10
syn-0006,es,facebook/m2m100_418M,True,7,7,7
syn-0008,es,facebook/m2m100_418M,True,8,8,8
syn-0011,es,facebook/m2m100_418M,True,10,10,10
syn-0015,es,facebook/m2m100_418M,True,6,6,6
syn-0016,es,facebook/m2m100_418M,True,9,9,9
syn-0017,es,facebook/m2m100_418M,True,3,3,3
syn-0020,es,facebook/m2m100_418M,True,6,6,6
syn-0034,es,facebook/m2m100_418M,True,0,0,0
syn-0052,es,facebook/m2m100_418M,True,4,4,4
syn-0055,es,facebook/m2m100_418M,True,3,3,3
syn-0063,es,facebook/m2m100_418M,True,1,1,1
syn-0069,es,facebook/m2m100_418M,True,11,11,11
syn-0072,es,facebook/m2m100_418M,True,0,0,0
syn-0073,es,facebook/m2m100_418M,True,11,11,11
syn-0077,es,facebook/m2m100_418M,True,2,2,2
syn-0081,es,facebook/m2m100_418M,True,10,10,10
syn-0084,es,facebook/m2m100_418M,True,5,5,5
syn-0090,es,facebook/m2m100_418M,True,5,5,5
syn-0093,es,facebook/m2m100_418M,True,5,5,5
syn-0098,es,facebook/m2m100_418M,True,10,10,10
syn-0101,es,facebook/m2m100_418M,True,3,3,3
syn-0109,es,facebook/m2m100_418M,True,3,3,3
syn-0120,es,facebook/m2m100_418M,True,3,3,3
syn-0121,es,facebook/m2m100_418M,True,9,9,9
syn-0139,es,facebook/m2m100_418M,True,1,1,1
syn-0148,es,facebook/m2m100_418M,True,7,7,7
syn-0155,es,facebook/m2m100_418M,True,4,4,4
syn-0158,es,facebook/m2m100_418M,True,1,1,1
syn-0166,es,facebook/m2m100_418M,True,5,5,5
syn-0173,es,facebook/m2m100_418M,True,8,8,8
syn-0175,es,facebook/m2m100_418M,True,11,11,1
syn-0196,es,facebook/m2m100_418M,True,4,4,4
syn-0223,es,facebook/m2m100_418M,True,6,6,11
syn-0233,es,facebook/m2m100_418M,True,8,8,8
syn-0241,es,facebook/m2m100_418M,True,1,1,1
syn-0246,es,facebook/m2m100_418M,True,8,8,8
syn-0248,es,facebook/m2m100_418M,True,6,6,10
syn-0249,es,facebook/m2m100_418M,True,8,8,8
syn-0252,es,facebook/m2m100_418M,True,8,8,8
syn-0254,es,facebook/m2m100_418M,True,7,7,8
syn-0270,es,facebook/m2m100_418M,True,10,10,10
syn-0273,es,facebook/m2m100_418M,True,0,0,0
syn-0274,es,facebook/m2m100_418M,True,9,9,9
syn-0275,es,facebook/m2m100_418M,True,0,0,0
syn-0276,es,facebook/m2m100_418M,True,6,10,10
syn-0284,es,facebook/m2m100_418M,True,0,0,0
syn-0296,es,facebook/m2m100_418M,True,3,3,3
syn-0302,es,facebook/m2m100_418M,True,10,10,10
syn-0304,es,facebook/m2m100_418M,True,1,1,1
syn-0311,es,facebook/m2m100_418M,True,9,9,9
syn-0316,es,facebook/m2m100_418M,True,0,0,0
syn-0318,es,facebook/m2m100_418M,True,11,11,11
syn-0328,es,facebook/m2m100_418M,True,10,10,10
syn-0332,es,facebook/m2m100_418M,False,6,6,6
syn-0345,es,facebook/m2m100_418M,True,7,7,7
syn-0354,es,facebook/m2m100_418M,True,8,8,8
syn-0371,es,facebook/m2m100_418M,True,6,6,6
syn-0372,es,facebook/m2m100_418M,True,1,1,1
syn-0380,es,facebook/m2m100_418M,True,4,5,4
syn-0382,es,facebook/m2m100_418M,True,0,0,0
syn-0383,es,facebook/m2m100_418M,True,2,2,2
syn-0419,es,facebook/m2m100_418M,True,1,1,1
syn-0421,es,facebook/m2m100_418M,True,10,10,10
syn-0425,es,facebook/m2m100_418M,True,5,5,5
syn-0448,es,facebook/m2m100_418M,True,4,5,5
syn-0452,es,facebook/m2m100_418M,True,10,10,10
syn-0454,es,facebook/m2m100_418M,True,11,11,11
syn-0455,es,facebook/m2m100_418M,True,2,2,7
syn-0457,es,facebook/m2m100_418M,True,9,9,9
syn-0480,es,facebook/m2m100_418M,True,1,1,1
syn-0487,es,facebook/m2m100_418M,True,6,6,6
syn-0489,es,facebook/m2m100_418M,True,11,11,11
syn-0495,es,facebook/m2m100_418M,True,2,2,2
syn-0496,es,facebook/m2m100_418M,True,8,8,8
syn-0497,es,facebook/m2m100_418M,True,5,5,5
syn-0498,es,facebook/m2m100_418M,True,7,7,7
syn-0003,fr,facebook/m2m100_418M,True,2,2,2
syn-0004,fr,facebook/m2m100_418M,True,10,10,9
syn-0006,fr,facebook/m2m100_418M,True,7,7,7
syn-0008,fr,facebook/m2m100_418M,True,8,8,8
syn-0011,fr,facebook/m2m100_418M,True,10,10,10
syn-0015,fr,facebook/m2m100_418M,True,6,6,6
syn-0016,fr,facebook/m2m100_418M,True,9,9,9
syn-0017,fr,facebook/m2m100_418M,True,3,3,3
syn-0020,fr,facebook/m2m100_418M,True,6,6,6
syn-0034,fr,facebook/m2m100_418M,True,0,0,0
syn-0052,fr,facebook/m2m100_418M,True,4,4,4
syn-0055,fr,facebook/m2m100_418M,True,3,3,3
syn-0063,fr,facebook/m2m100_418M,True,1,1,1
syn-0069,fr,facebook/m2m100_418M,True,11,11,11
syn-0072,fr,facebook/m2m100_418M,True,0,0,0
syn-0073,fr,facebook/m2m100_418M,True,11,11,11
syn-0077,fr,facebook/m2m100_418M,True,2,2,2
syn-0081,fr,facebook/m2m100_418M,True,10,10,4
syn-0084,fr,facebook/m2m100_418M,True,5,5,5
syn-0090,fr,facebook/m2m100_418M,True,5,5,5
syn-0093,fr,facebook/m2m100_418M,True,5,5,5
syn-0098,fr,facebook/m2m100_418M,True,10,10,10
syn-0101,fr,facebook/m2m100_418M,True,3,3,3
syn-0109,fr,facebook/m2m100_418M,True,3,3,3
syn-0120,fr,facebook/m2m100_418M,True,3,3,3
syn-0121,fr,facebook/m2m100_418M,True,9,9,9
syn-0139,fr,facebook/m2m100_418M,True,1,1,1
syn-0148,fr,facebook/m2m100_418M,True,7,7,7
syn-0155,fr,facebook/m2m100_418M,True,4,4,4
syn-0158,fr,facebook/m2m100_418M,True,1,1,1
syn-0166,fr,facebook/m2m100_418M,True,5,5,5
syn-0173,fr,facebook/m2m100_418M,True,8,8,8
syn-0175,fr,facebook/m2m100_418M,True,11,11,1
syn-0196,fr,facebook/m2m100_418M,True,4,4,4
syn-0223,fr,facebook/m2m100_418M,True,6,6,6
syn-0233,fr,facebook/m2m100_418M,True,8,8,8
syn-0241,fr,facebook/m2m100_418M,True,1,1,1
syn-0246,fr,facebook/m2m100_418M,True,8,8,8
syn-0248,fr,facebook/m2m100_418M,True,6,6,6
syn-0249,fr,facebook/m2m100_418M,True,8,8,8
syn-0252,fr,facebook/m2m100_418M,True,8,8,8
syn-0254,fr,facebook/m2m100_418M,True,7,7,8
syn-0270,fr,facebook/m2m100_418M,True,10,10,10
syn-0273,fr,facebook/m2m100_418M,True,0,0,0
syn-0274,fr,facebook/m2m100_418M,True,9,9,9
syn-0275,fr,facebook/m2m100_418M,True,0,0,0
syn-0276,fr,facebook/m2m100_418M,True,6,10,10
syn-0284,fr,facebook/m2m100_418M,True,0,0,0
syn-0296,fr,facebook/m2m100_418M,True,3,3,3
syn-0302,fr,facebook/m2m100_418M,True,10,10,10
syn-0304,fr,facebook/m2m100_418M,True,1,1,1
syn-0311,fr,facebook/m2m100_418M,True,9,9,9
syn-0316,fr,facebook/m2m100_418M,True,0,0,4
syn-0318,fr,facebook/m2m100_418M,True,11,11,11
syn-0328,fr,facebook/m2m100_418M,True,10,10,10
syn-0332,fr,facebook/m2m100_418M,True,6,6,6
syn-0345,fr,facebook/m2m100_418M,True,7,7,7
syn-0354,fr,facebook/m2m100_418M,True,8,8,8
syn-0371,fr,facebook/m2m100_418M,True,6,6,6
syn-0372,fr,facebook/m2m100_418M,True,1,1,1
syn-0380,fr,facebook/m2m100_418M,True,4,5,4
syn-0382,fr,facebook/m2m100_418M,True,0,0,0
syn-0383,fr,facebook/m2m100_418M,True,2,2,2
syn-0419,fr,facebook/m2m100_418M,True,1,1,1
syn-0421,fr,facebook/m2m100_418M,True,10,10,10
syn-0425,fr,facebook/m2m100_418M,True,5,5,4
syn-0448,fr,facebook/m2m100_418M,True,4,5,5
syn-0452,fr,facebook/m2m100_418M,True,10,10,10
syn-0454,fr,facebook/m2m100_418M,True,11,11,11
syn-0455,fr,facebook/m2m100_418M,False,2,2,3
syn-0457,fr,facebook/m2m100_418M,True,9,9,9
syn-0480,fr,facebook/m2m100_418M,True,1,1,1
syn-0487,fr,facebook/m2m100_418M,True,6,6,6
syn-0489,fr,facebook/m2m100_418M,True,11,11,11
syn-0495,fr,facebook/m2m100_418M,False,2,2,2
syn-0496,fr,facebook/m2m100_418M,True,8,8,8
syn-0497,fr,facebook/m2m100_418M,True,5,5,5
syn-0498,fr,facebook/m2m100_418M,True,7,7,7
syn-0003,de,facebook/m2m100_418M,True,2,2,2
syn-0004,de,facebook/m2m100_418M,True,10,10,10
syn-0006,de,facebook/m2m100_418M,True,7,7,7
syn-0008,de,facebook/m2m100_418M,True,8,8,8
syn-0011,de,facebook/m2m100_418M,True,10,10,10
syn-0015,de,facebook/m2m100_418M,True,6,6,6
syn-0016,de,facebook/m2m100_418M,True,9,9,10
syn-0017,de,facebook/m2m100_418M,True,3,3,3
syn-0020,de,facebook/m2m100_418M,True,6,6,6
syn-0034,de,facebook/m2m100_418M,False,0,0,6
syn-0052,de,facebook/m2m100_418M,True,4,4,4
syn-0055,de,facebook/m2m100_418M,True,3,3,3
syn-0063,de,facebook/m2m100_418M,True,1,1,1
syn-0069,de,facebook/m2m100_418M,True,11,11,4
syn-0072,de,facebook/m2m100_418M,True,0,0,0
syn-0073,de,facebook/m2m100_418M,True,11,11,11
syn-0077,de,facebook/m2m100_418M,True,2,2,2
syn-0081,de,facebook/m2m100_418M,True,10,10,11
syn-0084,de,facebook/m2m100_418M,True,5,5,5
syn-0090,de,facebook/m2m100_418M,True,5,5,8
syn-0093,de,facebook/m2m100_418M,True,5,5,5
syn-0098,de,facebook/m2m100_418M,True,10,10,10
syn-0101,de,facebook/m2m100_418M,True,3,3,3
syn-0109,de,facebook/m2m100_418M,True,3,3,3
syn-0120,de,facebook/m2m100_418M,True,3,3,3
syn-0121,de,facebook/m2m100_418M,True,9,9,9
syn-0139,de,facebook/m2m100_418M,True,1,1,1
syn-0148,de,facebook/m2m100_418M,False,7,7,7
syn-0155,de,facebook/m2m100_418M,True,4,4,4
syn-0158,de,facebook/m2m100_418M,True,1,1,1
syn-0166,de,facebook/m2m100_418M,True,5,5,5
syn-0173,de,facebook/m2m100_418M,True,8,8,8
syn-0175,de,facebook/m2m100_418M,True,11,11,11
syn-0196,de,facebook/m2m100_418M,True,4,4,4
syn-0223,de,facebook/m2m100_418M,True,6,6,6
syn-0233,de,facebook/m2m100_418M,True,8,8,8
syn-0241,de,facebook/m2m100_418M,True,1,1,4
syn-0246,de,facebook/m2m100_418M,True,8,8,8
syn-0248,de,facebook/m2m100_418M,True,6,6,6
syn-0249,de,facebook/m2m100_418M,True,8,8,8
syn-0252,de,facebook/m2m100_418M,False,8,8,8
syn-0254,de,facebook/m2m100_418M,True,7,7,11
syn-0270,de,facebook/m2m100_418M,True,10,10,4
syn-0273,de,facebook/m2m100_418M,True,0,0,0
syn-0274,de,facebook/m2m100_418M,True,9,9,9
syn-0275,de,facebook/m2m100_418M,True,0,0,0
syn-0276,de,facebook/m2m100_418M,True,6,10,10
syn-0284,de,facebook/m2m100_418M,True,0,0,0
syn-0296,de,facebook/m2m100_418M,True,3,3,3
syn-0302,de,facebook/m2m100_418M,True,10,10,10
syn-0304,de,facebook/m2m100_418M,True,1,1,1
syn-0311,de,facebook/m2m100_418M,True,9,9,9
syn-0316,de,facebook/m2m100_418M,True,0,0,0
syn-0318,de,facebook/m2m100_418M,True,11,11,11
syn-0328,de,facebook/m2m100_418M,True,10,10,10
syn-0332,de,facebook/m2m100_418M,True,6,6,6
syn-0345,de,facebook/m2m100_418M,True,7,7,7
syn-0354,de,facebook/m2m100_418M,True,8,8,8
syn-0371,de,facebook/m2m100_418M,True,6,6,6
syn-0372,de,facebook/m2m100_418M,True,1,1,1
syn-0380,de,facebook/m2m100_418M,True,4,5,4
syn-0382,de,facebook/m2m100_418M,True,0,0,0
syn-0383,de,facebook/m2m100_418M,False,2,2,2
syn-0419,de,facebook/m2m100_418M,True,1,1,1
syn-0421,de,facebook/m2m100_418M,True,10,10,6
syn-0425,de,facebook/m2m100_418M,True,5,5,4
syn-0448,de,facebook/m2m100_418M,True,4,5,5
syn-0452,de,facebook/m2m100_418M,True,10,10,10
syn-0454,de,facebook/m2m100_418M,True,11,11,11
syn-0455,de,facebook/m2m100_418M,True,2,2,2
syn-0457,de,facebook/m2m100_418M,True,9,9,9
syn-0480,de,facebook/m2m100_418M,True,1,1,1
syn-0487,de,facebook/m2m100_418M,True,6,6,6
syn-0489,de,facebook/m2m100_418M,True,11,11,11
syn-0495,de,facebook/m2m100_418M,True,2,2,2
syn-0496,de,facebook/m2m100_418M,True,8,8,8
syn-0497,de,facebook/m2m100_418M,True,5,5,5
syn-0498,de,facebook/m2m100_418M,True,7,7,7
syn-0003,zh,facebook/m2m100_418M,False,2,2,2
syn-0004,zh,facebook/m2m100_418M,False,10,10,10
syn-0006,zh,facebook/m2m100_418M,True,7,7,7
syn-0008,zh,facebook/m2m100_418M,True,8,8,8
syn-0011,zh,facebook/m2m100_418M,True,10,10,10
syn-0015,zh,facebook/m2m100_418M,True,6,6,6
syn-0016,zh,facebook/m2m100_418M,True,9,9,9
syn-0017,zh,facebook/m2m100_418M,True,3,3,5
syn-0020,zh,facebook/m2m100_418M,True,6,6,4
syn-0034,zh,facebook/m2m100_418M,True,0,0,0
syn-0052,zh,facebook/m2m100_418M,True,4,4,4
syn-0055,zh,facebook/m2m100_418M,True,3,3,3
syn-0063,zh,facebook/m2m100_418M,False,1,1,1
syn-0069,zh,facebook/m2m100_418M,True,11,11,4
syn-0072,zh,facebook/m2m100_418M,True,0,0,0
syn-0073,zh,facebook/m2m100_418M,True,11,11,11
syn-0077,zh,facebook/m2m100_418M,True,2,2,2
syn-0081,zh,facebook/m2m100_418M,False,10,10,3
syn-0084,zh,facebook/m2m100_418M,True,5,5,5
syn-0090,zh,facebook/m2m100_418M,False,5,5,5
syn-0093,zh,facebook/m2m100_418M,True,5,5,5
syn-0098,zh,facebook/m2m100_418M,True,10,10,10
syn-0101,zh,facebook/m2m100_418M,True,3,3,3
syn-0109,zh,facebook/m2m100_418M,True,3,3,3
syn-0120,zh,facebook/m2m100_418M,True,3,3,3
syn-0121,zh,facebook/m2m100_418M,True,9,9,9
syn-0139,zh,facebook/m2m100_418M,False,1,1,1
syn-0148,zh,facebook/m2m100_418M,False,7,7,7
syn-0155,zh,facebook/m2m100_418M,True,4,4,4
syn-0158,zh,facebook/m2m100_418M,True,1,1,1
syn-0166,zh,facebook/m2m100_418M,True,5,5,5
syn-0173,zh,facebook/m2m100_418M,False,8,8,8
syn-0175,zh,facebook/m2m100_418M,True,11,11,1
syn-0196,zh,facebook/m2m100_418M,True,4,4,4
syn-0223,zh,facebook/m2m100_418M,True,6,6,6
syn-0233,zh,facebook/m2m100_418M,False,8,8,8
syn-0241,zh,facebook/m2m100_418M,True,1,1,6
syn-0246,zh,facebook/m2m100_418M,False,8,8,8
syn-0248,zh,facebook/m2m100_418M,True,6,6,6
syn-0249,zh,facebook/m2m100_418M,False,8,8,8
syn-0252,zh,facebook/m2m100_418M,True,8,8,8
syn-0254,zh,facebook/m2m100_418M,True,7,7,11
syn-0270,zh,facebook/m2m100_418M,True,10,10,10
syn-0273,zh,facebook/m2m100_418M,False,0,0,0
syn-0274,zh,facebook/m2m100_418M,True,9,9,9
syn-0275,zh,facebook/m2m100_418M,True,0,0,0
syn-0276,zh,facebook/m2m100_418M,True,6,10,10
syn-0284,zh,facebook/m2m100_418M,True,0,0,9
syn-0296,zh,facebook/m2m100_418M,True,3,3,3
syn-0302,zh,facebook/m2m100_418M,True,10,10,10
syn-0304,zh,facebook/m2m100_418M,True,1,1,6
syn-0311,zh,facebook/m2m100_418M,True,9,9,9
syn-0316,zh,facebook/m2m100_418M,True,0,0,4
syn-0318,zh,facebook/m2m100_418M,True,11,11,11
syn-0328,zh,facebook/m2m100_418M,True,10,10,10
syn-0332,zh,facebook/m2m100_418M,True,6,6,6
syn-0345,zh,facebook/m2m100_418M,False,7,7,7
syn-0354,zh,facebook/m2m100_418M,True,8,8,8
syn-0371,zh,facebook/m2m100_418M,True,6,6,6
syn-0372,zh,facebook/m2m100_418M,True,1,1,3
syn-0380,zh,facebook/m2m100_418M,True,4,5,4
syn-0382,zh,facebook/m2m100_418M,True,0,0,0
syn-0383,zh,facebook/m2m100_418M,True,2,2,2
syn-0419,zh,facebook/m2m100_418M,True,1,1,1
syn-0421,zh,facebook/m2m100_418M,True,10,10,4
syn-0425,zh,facebook/m2m100_418M,False,5,5,5
syn-0448,zh,facebook/m2m100_418M,True,4,5,5
syn-0452,zh,facebook/m2m100_418M,True,10,10,10
syn-0454,zh,facebook/m2m100_418M,True,11,11,11
syn-0455,zh,facebook/m2m100_418M,False,2,2,3
syn-0457,zh,facebook/m2m100_418M,True,9,9,9
syn-0480,zh,facebook/m2m100_418M,True,1,1,1
syn-0487,zh,facebook/m2m100_418M,True,6,6,6
syn-0489,zh,facebook/m2m100_418M,True,11,11,5
syn-0495,zh,facebook/m2m100_418M,False,2,2,2
syn-0496,zh,facebook/m2m100_418M,True,8,8,8
syn-0497,zh,facebook/m2m100_418M,True,5,5,5
syn-0498,zh,facebook/m2m100_418M,False,7,7,7
syn-0013,es,facebook/m2m100_418M,True,6,6,6
syn-0018,es,facebook/m2m100_418M,True,3,6,6
syn-0031,es,facebook/m2m100_418M,True,0,0,0
syn-0032,es,facebook/m2m100_418M,True,4,4,4
syn-0037,es,facebook/m2m100_418M,True,8,8,8
syn-0041,es,facebook/m2m100_418M,True,10,10,10
syn-0042,es,facebook/m2m100_418M,True,9,9,9
syn-0045,es,facebook/m2m100_418M,True,9,9,9
syn-0046,es,facebook/m2m100_418M,True,8,8,8
syn-0057,es,facebook/m2m100_418M,True,8,8,6
syn-0059,es,facebook/m2m100_418M,True,3,3,3
syn-0076,es,facebook/m2m100_418M,True,5,5,5
syn-0086,es,facebook/m2m100_418M,True,10,10,10
syn-0087,es,facebook/m2m100_418M,True,5,5,5
syn-0091,es,facebook/m2m100_418M,True,4,4,4
syn-0111,es,facebook/m2m100_418M,True,3,3,3
syn-0118,es,facebook/m2m100_418M,True,5,5,5
syn-0128,es,facebook/m2m100_418M,True,2,2,2
syn-0130,es,facebook/m2m100_418M,True,6,8,8
syn-0134,es,facebook/m2m100_418M,True,5,5,5
syn-0146,es,facebook/m2m100_418M,True,10,10,10
syn-0147,es,facebook/m2m100_418M,True,0,0,0
syn-0151,es,facebook/m2m100_418M,True,10,10,10
syn-0167,es,facebook/m2m100_418M,True,0,0,0
syn-0181,es,facebook/m2m100_418M,True,10,10,6
syn-0187,es,facebook/m2m100_418M,True,3,3,3
syn-0191,es,facebook/m2m100_418M,True,4,4,4
syn-0202,es,facebook/m2m100_418M,True,10,10,10
syn-0213,es,facebook/m2m100_418M,True,0,0,0
syn-0222,es,facebook/m2m100_418M,True,8,8,8
syn-0232,es,facebook/m2m100_418M,True,8,8,8
syn-0236,es,facebook/m2m100_418M,True,11,11,11
syn-0237,es,facebook/m2m100_418M,True,4,4,4
syn-0264,es,facebook/m2m100_418M,True,0,0,0
syn-0268,es,facebook/m2m100_418M,True,6,6,6
syn-0271,es,facebook/m2m100_418M,True,2,2,2
syn-0272,es,facebook/m2m100_418M,True,3,3,4
syn-0279,es,facebook/m2m100_418M,True,0,0,0
syn-0281,es,facebook/m2m100_418M,True,10,5,5
syn-0283,es,facebook/m2m100_418M,True,7,7,7
syn-0294,es,facebook/m2m100_418M,True,1,1,1
syn-0298,es,facebook/m2m100_418M,True,7,7,7
syn-0313,es,facebook/m2m100_418M,True,11,11,11
syn-0314,es,facebook/m2m100_418M,True,8,8,8
syn-0325,es,facebook/m2m100_418M,True,4,4,3
syn-0336,es,facebook/m2m100_418M,True,0,0,0
syn-0343,es,facebook/m2m100_418M,True,8,8,8
syn-0358,es,facebook/m2m100_418M,True,2,2,2
syn-0366,es,facebook/m2m100_418M,True,9,9,5
syn-0369,es,facebook/m2m100_418M,True,6,5,5
syn-0370,es,facebook/m2m100_418M,True,9,9,9
syn-0373,es,facebook/m2m100_418M,True,11,11,11
syn-0374,es,facebook/m2m100_418M,True,8,8,8
syn-0381,es,facebook/m2m100_418M,True,8,8,8
syn-0397,es,facebook/m2m100_418M,True,1,1,1
syn-0401,es,facebook/m2m100_418M,True,11,11,11
syn-0406,es,facebook/m2m100_418M,True,4,0,10
syn-0415,es,facebook/m2m100_418M,True,1,11,11
syn-0416,es,facebook/m2m100_418M,True,2,2,2
syn-0426,es,facebook/m2m100_418M,True,10,10,10
syn-0427,es,facebook/m2m100_418M,True,5,5,5
syn-0439,es,facebook/m2m100_418M,True,6,6,6
syn-0443,es,facebook/m2m100_418M,True,7,7,7
syn-0444,es,facebook/m2m100_418M,True,5,5,5
syn-0449,es,facebook/m2m100_418M,True,11,11,11
syn-0453,es,facebook/m2m100_418M,True,1,6,10
syn-0456,es,facebook/m2m100_418M,True,11,11,11
syn-0471,es,facebook/m2m100_418M,True,5,5,5
syn-0481,es,facebook/m2m100_418M,True,9,9,9
syn-0482,es,facebook/m2m100_418M,True,1,3,6
syn-0013,fr,facebook/m2m100_418M,True,6,6,6
syn-0018,fr,facebook/m2m100_418M,True,3,6,3
syn-0031,fr,facebook/m2m100_418M,True,0,0,0
syn-0032,fr,facebook/m2m100_418M,True,4,4,4
syn-0037,fr,facebook/m2m100_418M,True,8,8,8
syn-0041,fr,facebook/m2m100_418M,True,10,10,9
syn-0042,fr,facebook/m2m100_418M,True,9,9,9
syn-0045,fr,facebook/m2m100_418M,True,9,9,3
syn-0046,fr,facebook/m2m100_418M,True,8,8,8
syn-0057,fr,facebook/m2m100_418M,True,8,8,8
syn-0059,fr,facebook/m2m100_418M,True,3,3,3
syn-0076,fr,facebook/m2m100_418M,True,5,5,5
syn-0086,fr,facebook/m2m100_418M,True,10,10,10
syn-0087,fr,facebook/m2m100_418M,True,5,5,5
syn-0091,fr,facebook/m2m100_418M,True,4,4,4
syn-0111,fr,facebook/m2m100_418M,True,3,3,3
syn-0118,fr,facebook/m2m100_418M,True,5,5,5
syn-0128,fr,facebook/m2m100_418M,True,2,2,2
syn-0130,fr,facebook/m2m100_418M,True,6,8,8
syn-0134,fr,facebook/m2m100_418M,True,5,5,5
syn-0146,fr,facebook/m2m100_418M,True,10,10,10
syn-0147,fr,facebook/m2m100_418M,True,0,0,0
syn-0151,fr,facebook/m2m100_418M,True,10,10,4
syn-0167,fr,facebook/m2m100_418M,True,0,0,0
syn-0181,fr,facebook/m2m100_418M,True,10,10,6
syn-0187,fr,facebook/m2m100_418M,True,3,3,3
syn-0191,fr,facebook/m2m100_418M,True,4,4,4
syn-0202,fr,facebook/m2m100_418M,True,10,10,10
syn-0213,fr,facebook/m2m100_418M,True,0,0,0
syn-0222,fr,facebook/m2m100_418M,True,8,8,8
syn-0232,fr,facebook/m2m100_418M,True,8,8,8
syn-0236,fr,facebook/m2m100_418M,True,11,11,11
syn-0237,fr,facebook/m2m100_418M,True,4,4,4
syn-0264,fr,facebook/m2m100_418M,True,0,0,0
syn-0268,fr,facebook/m2m100_418M,True,6,6,6
syn-0271,fr,facebook/m2m100_418M,True,2,2,2
syn-0272,fr,facebook/m2m100_418M,True,3,3,4
syn-0279,fr,facebook/m2m100_418M,True,0,0,0
syn-0281,fr,facebook/m2m100_418M,True,10,5,5
syn-0283,fr,facebook/m2m100_418M,True,7,7,7
syn-0294,fr,facebook/m2m100_418M,True,1,1,1
syn-0298,fr,facebook/m2m100_418M,True,7,7,7
syn-0313,fr,facebook/m2m100_418M,True,11,11,11
syn-0314,fr,facebook/m2m100_418M,True,8,8,8
syn-0325,fr,facebook/m2m100_418M,True,4,4,4
syn-0336,fr,facebook/m2m100_418M,True,0,0,0
syn-0343,fr,facebook/m2m100_418M,True,8,8,8
syn-0358,fr,facebook/m2m100_418M,True,2,2,2
syn-0366,fr,facebook/m2m100_418M,True,9,9,9
syn-0369,fr,facebook/m2m100_418M,True,6,5,5
syn-0370,fr,facebook/m2m100_418M,True,9,9,9
syn-0373,fr,facebook/m2m100_418M,True,11,11,11
syn-0374,fr,facebook/m2m100_418M,True,8,8,8
syn-0381,fr,facebook/m2m100_418M,True,8,8,8
syn-0397,fr,facebook/m2m100_418M,True,1,1,1
syn-0401,fr,facebook/m2m100_418M,True,11,11,11
syn-0406,fr,facebook/m2m100_418M,True,4,0,0
syn-0415,fr,facebook/m2m100_418M,True,1,11,11
syn-0416,fr,facebook/m2m100_418M,True,2,2,2
syn-0426,fr,facebook/m2m100_418M,True,10,10,10
syn-0427,fr,facebook/m2m100_418M,True,5,5,5
syn-0439,fr,facebook/m2m100_418M,True,6,6,6
syn-0443,fr,facebook/m2m100_418M,False,7,7,7
syn-0444,fr,facebook/m2m100_418M,True,5,5,5
syn-0449,fr,facebook/m2m100_418M,True,11,11,11
syn-0453,fr,facebook/m2m100_418M,True,1,6,10
syn-0456,fr,facebook/m2m100_418M,True,11,11,11
syn-0471,fr,facebook/m2m100_418M,True,5,5,5
syn-0481,fr,facebook/m2m100_418M,True,9,9,9
syn-0482,fr,facebook/m2m100_418M,True,1,3,6
syn-0013,de,facebook/m2m100_418M,True,6,6,6
syn-0018,de,facebook/m2m100_418M,True,3,6,6
syn-0031,de,facebook/m2m100_418M,True,0,0,0
syn-0032,de,facebook/m2m100_418M,True,4,4,4
syn-0037,de,facebook/m2m100_418M,True,8,8,8
syn-0041,de,facebook/m2m100_418M,True,10,10,10
syn-0042,de,facebook/m2m100_418M,True,9,9,9
syn-0045,de,facebook/m2m100_418M,True,9,9,10
syn-0046,de,facebook/m2m100_418M,True,8,8,8
syn-0057,de,facebook/m2m100_418M,True,8,8,8
syn-0059,de,facebook/m2m100_418M,True,3,3,3
syn-0076,de,facebook/m2m100_418M,True,5,5,5
syn-0086,de,facebook/m2m100_418M,True,10,10,10
syn-0087,de,facebook/m2m100_418M,True,5,5,5
syn-0091,de,facebook/m2m100_418M,True,4,4,4
syn-0111,de,facebook/m2m100_418M,True,3,3,3
syn-0118,de,facebook/m2m100_418M,True,5,5,5
syn-0128,de,facebook/m2m100_418M,True,2,2,2
syn-0130,de,facebook/m2m100_418M,True,6,8,8
syn-0134,de,facebook/m2m100_418M,True,5,5,5
syn-0146,de,facebook/m2m100_418M,True,10,10,10
syn-0147,de,facebook/m2m100_418M,True,0,0,0
syn-0151,de,facebook/m2m100_418M,True,10,10,9
syn-0167,de,facebook/m2m100_418M,True,0,0,0
syn-0181,de,facebook/m2m100_418M,True,10,10,6
syn-0187,de,facebook/m2m100_418M,True,3,3,3
syn-0191,de,facebook/m2m100_418M,True,4,4,3
syn-0202,de,facebook/m2m100_418M,True,10,10,10
syn-0213,de,facebook/m2m100_418M,True,0,0,0
syn-0222,de,facebook/m2m100_418M,True,8,8,8
syn-0232,de,facebook/m2m100_418M,True,8,8,8
syn-0236,de,facebook/m2m100_418M,True,11,11,11
syn-0237,de,facebook/m2m100_418M,True,4,4,4
syn-0264,de,facebook/m2m100_418M,True,0,0,0
syn-0268,de,facebook/m2m100_418M,True,6,6,6
syn-0271,de,facebook/m2m100_418M,True,2,2,2
syn-0272,de,facebook/m2m100_418M,True,3,3,3
syn-0279,de,facebook/m2m100_418M,True,0,0,0
syn-0281,de,facebook/m2m100_418M,True,10,5,4
syn-0283,de,facebook/m2m100_418M,True,7,7,7
syn-0294,de,facebook/m2m100_418M,True,1,1,1
syn-0298,de,facebook/m2m100_418M,True,7,7,7
syn-0313,de,facebook/m2m100_418M,True,11,11,11
syn-0314,de,facebook/m2m100_418M,True,8,8,8
syn-0325,de,facebook/m2m100_418M,True,4,4,4
syn-0336,de,facebook/m2m100_418M,True,0,0,0
syn-0343,de,facebook/m2m100_418M,True,8,8,8
syn-0358,de,facebook/m2m100_418M,True,2,2,2
syn-0366,de,facebook/m2m100_418M,True,9,9,3
syn-0369,de,facebook/m2m100_418M,True,6,5,5
syn-0370,de,facebook/m2m100_418M,True,9,9,9
syn-0373,de,facebook/m2m100_418M,True,11,11,11
syn-0374,de,facebook/m2m100_418M,True,8,8,8
syn-0381,de,facebook/m2m100_418M,True,8,8,10
syn-0397,de,facebook/m2m100_418M,True,1,1,1
syn-0401,de,facebook/m2m100_418M,True,11,11,11
syn-0406,de,facebook/m2m100_418M,True,4,0,4
syn-0415,de,facebook/m2m100_418M,True,1,11,8
syn-0416,de,facebook/m2m100_418M,True,2,2,2
syn-0426,de,facebook/m2m100_418M,True,10,10,10
syn-0427,de,facebook/m2m100_418M,True,5,5,5
syn-0439,de,facebook/m2m100_418M,True,6,6,6
syn-0443,de,facebook/m2m100_418M,False,7,7,7
syn-0444,de,facebook/m2m100_418M,True,5,5,5
syn-0449,de,facebook/m2m100_418M,True,11,11,11
syn-0453,de,facebook/m2m100_418M,True,1,6,10
syn-0456,de,facebook/m2m100_418M,True,11,11,11
syn-0471,de,facebook/m2m100_418M,True,5,5,5
syn-0481,de,facebook/m2m100_418M,True,9,9,9
syn-0482,de,facebook/m2m100_418M,True,1,3,3
syn-0013,zh,facebook/m2m100_418M,True,6,6,6
syn-0018,zh,facebook/m2m100_418M,True,3,6,3
syn-0031,zh,facebook/m2m100_418M,True,0,0,0
syn-0032,zh,facebook/m2m100_418M,True,4,4,4
syn-0037,zh,facebook/m2m100_418M,False,8,8,6
syn-0041,zh,facebook/m2m100_418M,True,10,10,6
syn-0042,zh,facebook/m2m100_418M,True,9,9,9
syn-0045,zh,facebook/m2m100_418M,True,9,9,3
syn-0046,zh,facebook/m2m100_418M,True,8,8,8
syn-0057,zh,facebook/m2m100_418M,False,8,8,8
syn-0059,zh,facebook/m2m100_418M,True,3,3,3
syn-0076,zh,facebook/m2m100_418M,True,5,5,5
syn-0086,zh,facebook/m2m100_418M,True,10,10,10
syn-0087,zh,facebook/m2m100_418M,False,5,5,5
syn-0091,zh,facebook/m2m100_418M,True,4,4,4
syn-0111,zh,facebook/m2m100_418M,True,3,3,3
syn-0118,zh,facebook/m2m100_418M,True,5,5,5
syn-0128,zh,facebook/m2m100_418M,True,2,2,2
syn-0130,zh,facebook/m2m100_418M,True,6,8,5
syn-0134,zh,facebook/m2m100_418M,False,5,5,5
syn-0146,zh,facebook/m2m100_418M,True,10,10,10
syn-0147,zh,facebook/m2m100_418M,False,0,0,0
syn-0151,zh,facebook/m2m100_418M,True,10,10,11
syn-0167,zh,facebook/m2m100_418M,True,0,0,0
syn-0181,zh,facebook/m2m100_418M,True,10,10,6
syn-0187,zh,facebook/m2m100_418M,True,3,3,3
syn-0191,zh,facebook/m2m100_418M,True,4,4,3
syn-0202,zh,facebook/m2m100_418M,True,10,10,6
syn-0213,zh,facebook/m2m100_418M,True,0,0,1
syn-0222,zh,facebook/m2m100_418M,True,8,8,8
syn-0232,zh,facebook/m2m100_418M,False,8,8,8
syn-0236,zh,facebook/m2m100_418M,True,11,11,11
syn-0237,zh,facebook/m2m100_418M,True,4,4,4
syn-0264,zh,facebook/m2m100_418M,False,0,0,0
syn-0268,zh,facebook/m2m100_418M,True,6,6,6
syn-0271,zh,facebook/m2m100_418M,True,2,2,6
syn-0272,zh,facebook/m2m100_418M,True,3,3,3
syn-0279,zh,facebook/m2m100_418M,True,0,0,0
syn-0281,zh,facebook/m2m100_418M,True,10,5,5
syn-0283,zh,facebook/m2m100_418M,True,7,7,7
syn-0294,zh,facebook/m2m100_418M,True,1,1,1
syn-0298,zh,facebook/m2m100_418M,False,7,7,7
syn-0313,zh,facebook/m2m100_418M,True,11,11,5
syn-0314,zh,facebook/m2m100_418M,False,8,8,6
syn-0325,zh,facebook/m2m100_418M,True,4,4,3
syn-0336,zh,facebook/m2m100_418M,True,0,0,0
syn-0343,zh,facebook/m2m100_418M,False,8,8,7
syn-0358,zh,facebook/m2m100_418M,False,2,2,2
syn-0366,zh,facebook/m2m100_418M,True,9,9,3
syn-0369,zh,facebook/m2m100_418M,False,6,5,5
syn-0370,zh,facebook/m2m100_418M,True,9,9,9
syn-0373,zh,facebook/m2m100_418M,True,11,11,11
syn-0374,zh,facebook/m2m100_418M,True,8,8,8
syn-0381,zh,facebook/m2m100_418M,True,8,8,8
syn-0397,zh,facebook/m2m100_418M,True,1,1,1
syn-0401,zh,facebook/m2m100_418M,False,11,11,11
syn-0406,zh,facebook/m2m100_418M,True,4,0,6
syn-0415,zh,facebook/m2m100_418M,True,1,11,1
syn-0416,zh,facebook/m2m100_418M,True,2,2,2
syn-0426,zh,facebook/m2m100_418M,True,10,10,5
syn-0427,zh,facebook/m2m100_418M,True,5,5,5
syn-0439,zh,facebook/m2m100_418M,False,6,6,6
syn-0443,zh,facebook/m2m100_418M,False,7,7,7
syn-0444,zh,facebook/m2m100_418M,True,5,5,5
syn-0449,zh,facebook/m2m100_418M,True,11,11,11
syn-0453,zh,facebook/m2m100_418M,True,1,6,10
syn-0456,zh,facebook/m2m100_418M,True,11,11,11
syn-0471,zh,facebook/m2m100_418M,False,5,5,5
syn-0481,zh,facebook/m2m100_418M,False,9,9,9
syn-0482,zh,facebook/m2m100_418M,True,1,3,6
syn-0009,es,facebook/m2m100_418M,True,8,8,8
syn-0010,es,facebook/m2m100_418M,True,9,9,9
syn-0022,es,facebook/m2m100_418M,True,10,11,11
syn-0038,es,facebook/m2m100_418M,True,5,5,5
syn-0039,es,facebook/m2m100_418M,True,1,1,1
syn-0048,es,facebook/m2m100_418M,True,11,11,11
syn-0050,es,facebook/m2m100_418M,True,4,4,4
syn-0085,es,facebook/m2m100_418M,True,3,1,3
syn-0097,es,facebook/m2m100_418M,True,10,10,10
syn-0103,es,facebook/m2m100_418M,True,11,11,11
syn-0114,es,facebook/m2m100_418M,True,4,3,4
syn-0129,es,facebook/m2m100_418M,True,11,11,11
syn-0137,es,facebook/m2m100_418M,True,8,8,8
syn-0140,es,facebook/m2m100_418M,True,11,11,11
syn-0141,es,facebook/m2m100_418M,True,2,2,2
syn-0143,es,facebook/m2m100_418M,True,1,1,8
syn-0144,es,facebook/m2m100_418M,False,9,9,9
syn-0153,es,facebook/m2m100_418M,True,4,5,5
syn-0154,es,facebook/m2m100_418M,True,1,1,1
syn-0160,es,facebook/m2m100_418M,True,5,5,5
syn-0163,es,facebook/m2m100_418M,True,4,4,4
syn-0164,es,facebook/m2m100_418M,True,8,8,5
syn-0165,es,facebook/m2m100_418M,True,8,8,6
syn-0171,es,facebook/m2m100_418M,True,6,6,6
syn-0172,es,facebook/m2m100_418M,True,10,10,10
syn-0178,es,facebook/m2m100_418M,True,9,9,9
syn-0179,es,facebook/m2m100_418M,True,1,1,1
syn-0183,es,facebook/m2m100_418M,True,4,4,5
syn-0186,es,facebook/m2m100_418M,True,3,3,3
syn-0188,es,facebook/m2m100_418M,True,10,10,10
syn-0197,es,facebook/m2m100_418M,True,11,11,11
syn-0210,es,facebook/m2m100_418M,True,0,0,0
syn-0218,es,facebook/m2m100_418M,True,8,8,8
syn-0225,es,facebook/m2m100_418M,True,7,7,7
syn-0240,es,facebook/m2m100_418M,True,6,4,4
syn-0242,es,facebook/m2m100_418M,True,0,0,0
syn-0247,es,facebook/m2m100_418M,True,3,3,4
syn-0261,es,facebook/m2m100_418M,True,5,5,5
syn-0278,es,facebook/m2m100_418M,True,9,9,9
syn-0280,es,facebook/m2m100_418M,True,0,0,0
syn-0282,es,facebook/m2m100_418M,True,7,7,5
syn-0288,es,facebook/m2m100_418M,True,9,9,9
syn-0291,es,facebook/m2m100_418M,True,1,1,1
syn-0301,es,facebook/m2m100_418M,True,3,3,3
syn-0322,es,facebook/m2m100_418M,True,2,2,2
syn-0323,es,facebook/m2m100_418M,True,7,7,7
syn-0329,es,facebook/m2m100_418M,True,8,8,8
syn-0330,es,facebook/m2m100_418M,True,0,0,0
syn-0335,es,facebook/m2m100_418M,True,3,11,11
syn-0349,es,facebook/m2m100_418M,True,5,5,5
syn-0359,es,facebook/m2m100_418M,True,4,4,4
syn-0384,es,facebook/m2m100_418M,True,1,1,1
syn-0388,es,facebook/m2m100_418M,True,5,5,5
syn-0393,es,facebook/m2m100_418M,True,2,2,2
syn-0407,es,facebook/m2m100_418M,True,6,6,6
syn-0409,es,facebook/m2m100_418M,True,10,10,9
syn-0411,es,facebook/m2m100_418M,False,2,2,2
syn-0414,es,facebook/m2m100_418M,True,5,4,4
syn-0417,es,facebook/m2m100_418M,True,7,4,4
syn-0431,es,facebook/m2m100_418M,True,3,3,3
syn-0436,es,facebook/m2m100_418M,True,6,6,6
syn-0440,es,facebook/m2m100_418M,True,1,1,1
syn-0450,es,facebook/m2m100_418M,True,10,10,10
syn-0451,es,facebook/m2m100_418M,True,8,8,8
syn-0458,es,facebook/m2m100_418M,True,6,6,6
syn-0461,es,facebook/m2m100_418M,True,2,2,2
syn-0463,es,facebook/m2m100_418M,True,11,11,11
syn-0472,es,facebook/m2m100_418M,True,8,8,8
syn-0476,es,facebook/m2m100_418M,True,7,7,7
syn-0492,es,facebook/m2m100_418M,True,6,6,6
syn-0493,es,facebook/m2m100_418M,True,8,8,8
syn-0009,fr,facebook/m2m100_418M,True,8,8,4
syn-0010,fr,facebook/m2m100_418M,True,9,9,9
syn-0022,fr,facebook/m2m100_418M,True,10,11,11
syn-0038,fr,facebook/m2m100_418M,True,5,5,5
syn-0039,fr,facebook/m2m100_418M,True,1,1,5
syn-0048,fr,facebook/m2m100_418M,True,11,11,11
syn-0050,fr,facebook/m2m100_418M,True,4,4,4
syn-0085,fr,facebook/m2m100_418M,True,3,1,1
syn-0097,fr,facebook/m2m100_418M,True,10,10,1
syn-0103,fr,facebook/m2m100_418M,True,11,11,11
syn-0114,fr,facebook/m2m100_418M,True,4,3,1
syn-0129,fr,facebook/m2m100_418M,True,11,11,11
syn-0137,fr,facebook/m2m100_418M,True,8,8,8
syn-0140,fr,facebook/m2m100_418M,True,11,11,11
syn-0141,fr,facebook/m2m100_418M,True,2,2,2
syn-0143,fr,facebook/m2m100_418M,True,1,1,8
syn-0144,fr,facebook/m2m100_418M,True,9,9,9
syn-0153,fr,facebook/m2m100_418M,True,4,5,5
syn-0154,fr,facebook/m2m100_418M,True,1,1,1
syn-0160,fr,facebook/m2m100_418M,True,5,5,5
syn-0163,fr,facebook/m2m100_418M,True,4,4,4
syn-0164,fr,facebook/m2m100_418M,True,8,8,8
syn-0165,fr,facebook/m2m100_418M,True,8,8,6
syn-0171,fr,facebook/m2m100_418M,True,6,6,1
syn-0172,fr,facebook/m2m100_418M,True,10,10,10
syn-0178,fr,facebook/m2m100_418M,True,9,9,9
syn-0179,fr,facebook/m2m100_418M,True,1,1,10
syn-0183,fr,facebook/m2m100_418M,True,4,4,4
syn-0186,fr,facebook/m2m100_418M,True,3,3,3
syn-0188,fr,facebook/m2m100_418M,True,10,10,10
syn-0197,fr,facebook/m2m100_418M,True,11,11,11
syn-0210,fr,facebook/m2m100_418M,True,0,0,0
syn-0218,fr,facebook/m2m100_418M,True,8,8,8
syn-0225,fr,facebook/m2m100_418M,True,7,7,7
syn-0240,fr,facebook/m2m100_418M,True,6,4,4
syn-0242,fr,facebook/m2m100_418M,True,0,0,0
syn-0247,fr,facebook/m2m100_418M,True,3,3,3
syn-0261,fr,facebook/m2m100_418M,True,5,5,5
syn-0278,fr,facebook/m2m100_418M,True,9,9,9
syn-0280,fr,facebook/m2m100_418M,True,0,0,0
syn-0282,fr,facebook/m2m100_418M,True,7,7,5
syn-0288,fr,facebook/m2m100_418M,True,9,9,9
syn-0291,fr,facebook/m2m100_418M,True,1,1,1
syn-0301,fr,facebook/m2m100_418M,True,3,3,3
syn-0322,fr,facebook/m2m100_418M,True,2,2,2
syn-0323,fr,facebook/m2m100_418M,False,7,7,7
syn-0329,fr,facebook/m2m100_418M,True,8,8,8
syn-0330,fr,facebook/m2m100_418M,True,0,0,0
syn-0335,fr,facebook/m2m100_418M,True,3,11,11
syn-0349,fr,facebook/m2m100_418M,True,5,5,5
syn-0359,fr,facebook/m2m100_418M,True,4,4,4
syn-0384,fr,facebook/m2m100_418M,True,1,1,1
syn-0388,fr,facebook/m2m100_418M,True,5,5,5
syn-0393,fr,facebook/m2m100_418M,True,2,2,2
syn-0407,fr,facebook/m2m100_418M,True,6,6,3
syn-0409,fr,facebook/m2m100_418M,True,10,10,10
syn-0411,fr,facebook/m2m100_418M,False,2,2,2
syn-0414,fr,facebook/m2m100_418M,True,5,4,4
syn-0417,fr,facebook/m2m100_418M,True,7,4,4
syn-0431,fr,facebook/m2m100_418M,True,3,3,3
syn-0436,fr,facebook/m2m100_418M,True,6,6,6
syn-0440,fr,facebook/m2m100_418M,True,1,1,1
syn-0450,fr,facebook/m2m100_418M,True,10,10,10
syn-0451,fr,facebook/m2m100_418M,True,8,8,8
syn-0458,fr,facebook/m2m100_418M,True,6,6,6
syn-0461,fr,facebook/m2m100_418M,True,2,2,2
syn-0463,fr,facebook/m2m100_418M,True,11,11,11
syn-0472,fr,facebook/m2m100_418M,True,8,8,8
syn-0476,fr,facebook/m2m100_418M,True,7,7,7
syn-0492,fr,facebook/m2m100_418M,True,6,6,6
syn-0493,fr,facebook/m2m100_418M,True,8,8,8
syn-0009,de,facebook/m2m100_418M,True,8,8,8
syn-0010,de,facebook/m2m100_418M,True,9,9,9
syn-0022,de,facebook/m2m100_418M,True,10,11,11
syn-0038,de,facebook/m2m100_418M,True,5,5,5
syn-0039,de,facebook/m2m100_418M,True,1,1,4
syn-0048,de,facebook/m2m100_418M,True,11,11,11
syn-0050,de,facebook/m2m100_418M,True,4,4,3
syn-0085,de,facebook/m2m100_418M,True,3,1,3
syn-0097,de,facebook/m2m100_418M,True,10,10,10
syn-0103,de,facebook/m2m100_418M,False,11,11,11
syn-0114,de,facebook/m2m100_418M,True,4,3,4
syn-0129,de,facebook/m2m100_418M,True,11,11,11
syn-0137,de,facebook/m2m100_418M,True,8,8,8
syn-0140,de,facebook/m2m100_418M,False,11,11,11
syn-0141,de,facebook/m2m100_418M,True,2,2,2
syn-0143,de,facebook/m2m100_418M,True,1,1,1
syn-0144,de,facebook/m2m100_418M,True,9,9,9
syn-0153,de,facebook/m2m100_418M,True,4,5,5
syn-0154,de,facebook/m2m100_418M,True,1,1,1
syn-0160,de,facebook/m2m100_418M,True,5,5,5
syn-0163,de,facebook/m2m100_418M,True,4,4,4
syn-0164,de,facebook/m2m100_418M,True,8,8,8
syn-0165,de,facebook/m2m100_418M,True,8,8,6
syn-0171,de,facebook/m2m100_418M,True,6,6,8
syn-0172,de,facebook/m2m100_418M,True,10,10,10
syn-0178,de,facebook/m2m100_418M,False,9,9,9
syn-0179,de,facebook/m2m100_418M,True,1,1,1
syn-0183,de,facebook/m2m100_418M,True,4,4,4
syn-0186,de,facebook/m2m100_418M,True,3,3,3
syn-0188,de,facebook/m2m100_418M,True,10,10,10
syn-0197,de,facebook/m2m100_418M,True,11,11,11
syn-0210,de,facebook/m2m100_418M,True,0,0,0
syn-0218,de,facebook/m2m100_418M,True,8,8,8
syn-0225,de,facebook/m2m100_418M,True,7,7,9
syn-0240,de,facebook/m2m100_418M,True,6,4,4
syn-0242,de,facebook/m2m100_418M,True,0,0,0
syn-0247,de,facebook/m2m100_418M,True,3,3,4
syn-0261,de,facebook/m2m100_418M,True,5,5,5
syn-0278,de,facebook/m2m100_418M,True,9,9,9
syn-0280,de,facebook/m2m100_418M,True,0,0,0
syn-0282,de,facebook/m2m100_418M,True,7,7,5
syn-0288,de,facebook/m2m100_418M,True,9,9,9
syn-0291,de,facebook/m2m100_418M,True,1,1,1
syn-0301,de,facebook/m2m100_418M,True,3,3,3
syn-0322,de,facebook/m2m100_418M,True,2,2,2
syn-0323,de,facebook/m2m100_418M,True,7,7,7
syn-0329,de,facebook/m2m100_418M,True,8,8,8
syn-0330,de,facebook/m2m100_418M,True,0,0,0
syn-0335,de,facebook/m2m100_418M,True,3,11,11
syn-0349,de,facebook/m2m100_418M,True,5,5,5
syn-0359,de,facebook/m2m100_418M,True,4,4,4
syn-0384,de,facebook/m2m100_418M,True,1,1,8
syn-0388,de,facebook/m2m100_418M,True,5,5,7
syn-0393,de,facebook/m2m100_418M,True,2,2,2
syn-0407,de,facebook/m2m100_418M,True,6,6,3
syn-0409,de,facebook/m2m100_418M,True,10,10,10
syn-0411,de,facebook/m2m100_418M,True,2,2,2
syn-0414,de,facebook/m2m100_418M,True,5,4,4
syn-0417,de,facebook/m2m100_418M,True,7,4,4
syn-0431,de,facebook/m2m100_418M,True,3,3,3
syn-0436,de,facebook/m2m100_418M,True,6,6,6
syn-0440,de,facebook/m2m100_418M,True,1,1,1
syn-0450,de,facebook/m2m100_418M,True,10,10,10
syn-0451,de,facebook/m2m100_418M,True,8,8,8
syn-0458,de,facebook/m2m100_418M,True,6,6,6
syn-0461,de,facebook/m2m100_418M,True,2,2,2
syn-0463,de,facebook/m2m100_418M,True,11,11,11
syn-0472,de,facebook/m2m100_418M,True,8,8,8
syn-0476,de,facebook/m2m100_418M,True,7,7,7
syn-0492,de,facebook/m2m100_418M,True,6,6,6
syn-0493,de,facebook/m2m100_418M,True,8,8,8
syn-0009,zh,facebook/m2m100_418M,False,8,8,4
syn-0010,zh,facebook/m2m100_418M,True,9,9,9
syn-0022,zh,facebook/m2m100_418M,False,10,11,1
syn-0038,zh,facebook/m2m100_418M,True,5,5,5
syn-0039,zh,facebook/m2m100_418M,True,1,1,1
syn-0048,zh,facebook/m2m100_418M,True,11,11,11
syn-0050,zh,facebook/m2m100_418M,True,4,4,4
syn-0085,zh,facebook/m2m100_418M,True,3,1,3
syn-0097,zh,facebook/m2m100_418M,False,10,10,6
syn-0103,zh,facebook/m2m100_418M,False,11,11,11
syn-0114,zh,facebook/m2m100_418M,True,4,3,3
syn-0129,zh,facebook/m2m100_418M,True,11,11,11
syn-0137,zh,facebook/m2m100_418M,True,8,8,8
syn-0140,zh,facebook/m2m100_418M,True,11,11,11
syn-0141,zh,facebook/m2m100_418M,True,2,2,2
syn-0143,zh,facebook/m2m100_418M,True,1,1,8
syn-0144,zh,facebook/m2m100_418M,True,9,9,9
syn-0153,zh,facebook/m2m100_418M,True,4,5,5
syn-0154,zh,facebook/m2m100_418M,True,1,1,5
syn-0160,zh,facebook/m2m100_418M,True,5,5,5
syn-0163,zh,facebook/m2m100_418M,True,4,4,4
syn-0164,zh,facebook/m2m100_418M,False,8,8,5
syn-0165,zh,facebook/m2m100_418M,True,8,8,6
syn-0171,zh,facebook/m2m100_418M,True,6,6,6
syn-0172,zh,facebook/m2m100_418M,True,10,10,4
syn-0178,zh,facebook/m2m100_418M,True,9,9,11
syn-0179,zh,facebook/m2m100_418M,True,1,1,1
syn-0183,zh,facebook/m2m100_418M,True,4,4,5
syn-0186,zh,facebook/m2m100_418M,True,3,3,3
syn-0188,zh,facebook/m2m100_418M,True,10,10,10
syn-0197,zh,facebook/m2m100_418M,True,11,11,4
syn-0210,zh,facebook/m2m100_418M,True,0,0,5
syn-0218,zh,facebook/m2m100_418M,True,8,8,8
syn-0225,zh,facebook/m2m100_418M,False,7,7,9
syn-0240,zh,facebook/m2m100_418M,True,6,4,3
syn-0242,zh,facebook/m2m100_418M,False,0,0,0
syn-0247,zh,facebook/m2m100_418M,True,3,3,3
syn-0261,zh,facebook/m2m100_418M,False,5,5,5
syn-0278,zh,facebook/m2m100_418M,True,9,9,9
syn-0280,zh,facebook/m2m100_418M,True,0,0,0
syn-0282,zh,facebook/m2m100_418M,True,7,7,5
syn-0288,zh,facebook/m2m100_418M,True,9,9,9
syn-0291,zh,facebook/m2m100_418M,True,1,1,1
syn-0301,zh,facebook/m2m100_418M,True,3,3,3
syn-0322,zh,facebook/m2m100_418M,True,2,2,2
syn-0323,zh,facebook/m2m100_418M,False,7,7,7
syn-0329,zh,facebook/m2m100_418M,True,8,8,8
syn-0330,zh,facebook/m2m100_418M,False,0,0,4
syn-0335,zh,facebook/m2m100_418M,True,3,11,3
syn-0349,zh,facebook/m2m100_418M,True,5,5,5
syn-0359,zh,facebook/m2m100_418M,False,4,4,4
syn-0384,zh,facebook/m2m100_418M,True,1,1,1
syn-0388,zh,facebook/m2m100_418M,True,5,5,7
syn-0393,zh,facebook/m2m100_418M,True,2,2,2
syn-0407,zh,facebook/m2m100_418M,True,6,6,3
syn-0409,zh,facebook/m2m100_418M,True,10,10,10
syn-0411,zh,facebook/m2m100_418M,True,2,2,2
syn-0414,zh,facebook/m2m100_418M,True,5,4,5
syn-0417,zh,facebook/m2m100_418M,True,7,4,6
syn-0431,zh,facebook/m2m100_418M,True,3,3,3
syn-0436,zh,facebook/m2m100_418M,True,6,6,4
syn-0440,zh,facebook/m2m100_418M,False,1,1,6
syn-0450,zh,facebook/m2m100_418M,True,10,10,10
syn-0451,zh,facebook/m2m100_418M,True,8,8,5
syn-0458,zh,facebook/m2m100_418M,True,6,6,6
syn-0461,zh,facebook/m2m100_418M,True,2,2,2
syn-0463,zh,facebook/m2m100_418M,True,11,11,11
syn-0472,zh,facebook/m2m100_418M,True,8,8,8
syn-0476,zh,facebook/m2m100_418M,False,7,7,7
syn-0492,zh,facebook/m2m100_418M,True,6,6,6
syn-0493,zh,facebook/m2m100_418M,True,8,8,8
syn-0002,es,facebook/m2m100_418M,True,1,1,1
syn-0005,es,facebook/m2m100_418M,True,11,11,11
syn-0025,es,facebook/m2m100_418M,True,8,8,8
syn-0027,es,facebook/m2m100_418M,True,4,4,4
syn-0033,es,facebook/m2m100_418M,True,5,5,5
syn-0035,es,facebook/m2m100_418M,True,9,9,9
syn-0040,es,facebook/m2m100_418M,True,4,4,4
syn-0051,es,facebook/m2m100_418M,True,3,3,3
syn-0054,es,facebook/m2m100_418M,True,5,5,5
syn-0056,es,facebook/m2m100_418M,True,8,8,8
syn-0058,es,facebook/m2m100_418M,True,9,9,9
syn-0064,es,facebook/m2m100_418M,True,6,10,10
syn-0065,es,facebook/m2m100_418M,True,11,11,11
syn-0067,es,facebook/m2m100_418M,True,5,5,5
syn-0068,es,facebook/m2m100_418M,True,10,9,9
syn-0080,es,facebook/m2m100_418M,True,3,3,3
syn-0100,es,facebook/m2m100_418M,True,2,2,2
syn-0112,es,facebook/m2m100_418M,True,4,4,4
syn-0123,es,facebook/m2m100_418M,True,10,10,10
syn-0124,es,facebook/m2m100_418M,True,6,6,4
syn-0125,es,facebook/m2m100_418M,True,9,9,9
syn-0135,es,facebook/m2m100_418M,True,0,0,0
syn-0142,es,facebook/m2m100_418M,True,4,4,4
syn-0145,es,facebook/m2m100_418M,False,2,2,9
syn-0149,es,facebook/m2m100_418M,True,8,8,8
syn-0152,es,facebook/m2m100_418M,True,3,3,4
syn-0159,es,facebook/m2m100_418M,True,11,11,11
syn-0170,es,facebook/m2m100_418M,True,6,6,10
syn-0174,es,facebook/m2m100_418M,True,10,10,10
syn-0177,es,facebook/m2m100_418M,True,8,8,8
syn-0182,es,facebook/m2m100_418M,True,6,6,6
syn-0184,es,facebook/m2m100_418M,True,2,2,2
syn-0190,es,facebook/m2m100_418M,True,3,1,1
syn-0198,es,facebook/m2m100_418M,True,0,0,0
syn-0201,es,facebook/m2m100_418M,True,0,0,0
syn-0204,es,facebook/m2m100_418M,True,1,1,1
syn-0205,es,facebook/m2m100_418M,False,2,2,2
syn-0206,es,facebook/m2m100_418M,True,8,8,8
syn-0215,es,facebook/m2m100_418M,True,10,10,9
syn-0221,es,facebook/m2m100_418M,True,11,11,11
syn-0228,es,facebook/m2m100_418M,True,6,4,3
syn-0244,es,facebook/m2m100_418M,True,3,3,3
syn-0251,es,facebook/m2m100_418M,True,10,10,10
syn-0257,es,facebook/m2m100_418M,True,4,4,4
syn-0258,es,facebook/m2m100_418M,True,3,3,3
syn-0292,es,facebook/m2m100_418M,True,11,11,11
syn-0303,es,facebook/m2m100_418M,True,7,7,5
syn-0306,es,facebook/m2m100_418M,True,5,5,5
syn-0310,es,facebook/m2m100_418M,True,10,10,10
syn-0312,es,facebook/m2m100_418M,True,11,11,11
syn-0324,es,facebook/m2m100_418M,True,7,7,7
syn-0327,es,facebook/m2m100_418M,True,1,1,8
syn-0339,es,facebook/m2m100_418M,True,7,7,7
syn-0340,es,facebook/m2m100_418M,True,9,9,9
syn-0341,es,facebook/m2m100_418M,True,8,8,8
syn-0351,es,facebook/m2m100_418M,True,11,11,11
syn-0355,es,facebook/m2m100_418M,True,5,5,5
syn-0360,es,facebook/m2m100_418M,True,0,0,0
syn-0364,es,facebook/m2m100_418M,True,4,4,5
syn-0375,es,facebook/m2m100_418M,True,8,8,8
syn-0376,es,facebook/m2m100_418M,True,5,5,5
syn-0385,es,facebook/m2m100_418M,True,5,4,4
syn-0392,es,facebook/m2m100_418M,True,1,1,1
syn-0405,es,facebook/m2m100_418M,True,8,8,8
syn-0410,es,facebook/m2m100_418M,True,10,10,10
syn-0418,es,facebook/m2m100_418M,True,0,0,0
syn-0420,es,facebook/m2m100_418M,False,2,2,2
syn-0422,es,facebook/m2m100_418M,True,1,1,1
syn-0428,es,facebook/m2m100_418M,True,8,1,8
syn-0429,es,facebook/m2m100_418M,False,2,2,2
syn-0430,es,facebook/m2m100_418M,True,1,1,1
syn-0435,es,facebook/m2m100_418M,True,10,10,10
syn-0445,es,facebook/m2m100_418M,True,6,6,8
syn-0447,es,facebook/m2m100_418M,True,7,7,7
syn-0469,es,facebook/m2m100_418M,True,9,9,9
syn-0474,es,facebook/m2m100_418M,True,0,0,4
syn-0477,es,facebook/m2m100_418M,True,7,7,7
syn-0485,es,facebook/m2m100_418M,True,10,10,10
syn-0002,fr,facebook/m2m100_418M,False,1,1,1
syn-0005,fr,facebook/m2m100_418M,True,11,11,11
syn-0025,fr,facebook/m2m100_418M,True,8,8,8
syn-0027,fr,facebook/m2m100_418M,True,4,4,4
syn-0033,fr,facebook/m2m100_418M,True,5,5,5
syn-0035,fr,facebook/m2m100_418M,True,9,9,9
syn-0040,fr,facebook/m2m100_418M,True,4,4,4
syn-0051,fr,facebook/m2m100_418M,True,3,3,4
syn-0054,fr,facebook/m2m100_418M,True,5,5,5
syn-0056,fr,facebook/m2m100_418M,True,8,8,8
syn-0058,fr,facebook/m2m100_418M,True,9,9,9
syn-0064,fr,facebook/m2m100_418M,True,6,10,10
syn-0065,fr,facebook/m2m100_418M,True,11,11,11
syn-0067,fr,facebook/m2m100_418M,True,5,5,5
syn-0068,fr,facebook/m2m100_418M,True,10,9,4
syn-0080,fr,facebook/m2m100_418M,True,3,3,3
syn-0100,fr,facebook/m2m100_418M,False,2,2,2
syn-0112,fr,facebook/m2m100_418M,True,4,4,4
syn-0123,fr,facebook/m2m100_418M,True,10,10,10
syn-0124,fr,facebook/m2m100_418M,True,6,6,4
syn-0125,fr,facebook/m2m100_418M,True,9,9,9
syn-0135,fr,facebook/m2m100_418M,True,0,0,0
syn-0142,fr,facebook/m2m100_418M,True,4,4,4
syn-0145,fr,facebook/m2m100_418M,False,2,2,2
syn-0149,fr,facebook/m2m100_418M,True,8,8,8
syn-0152,fr,facebook/m2m100_418M,True,3,3,4
syn-0159,fr,facebook/m2m100_418M,True,11,11,11
syn-0170,fr,facebook/m2m100_418M,True,6,6,10
syn-0174,fr,facebook/m2m100_418M,True,10,10,10
syn-0177,fr,facebook/m2m100_418M,True,8,8,8
syn-0182,fr,facebook/m2m100_418M,True,6,6,6
syn-0184,fr,facebook/m2m100_418M,True,2,2,2
syn-0190,fr,facebook/m2m100_418M,True,3,1,3
syn-0198,fr,facebook/m2m100_418M,True,0,0,4
syn-0201,fr,facebook/m2m100_418M,True,0,0,0
syn-0204,fr,facebook/m2m100_418M,True,1,1,8
syn-0205,fr,facebook/m2m100_418M,False,2,2,2
syn-0206,fr,facebook/m2m100_418M,True,8,8,8
syn-0215,fr,facebook/m2m100_418M,True,10,10,10
syn-0221,fr,facebook/m2m100_418M,True,11,11,11
syn-0228,fr,facebook/m2m100_418M,True,6,4,3
syn-0244,fr,facebook/m2m100_418M,True,3,3,3
syn-0251,fr,facebook/m2m100_418M,True,10,10,10
syn-0257,fr,facebook/m2m100_418M,True,4,4,4
syn-0258,fr,facebook/m2m100_418M,True,3,3,5
syn-0292,fr,facebook/m2m100_418M,True,11,11,11
syn-0303,fr,facebook/m2m100_418M,True,7,7,5
syn-0306,fr,facebook/m2m100_418M,True,5,5,5
syn-0310,fr,facebook/m2m100_418M,True,10,10,10
syn-0312,fr,facebook/m2m100_418M,True,11,11,11
syn-0324,fr,facebook/m2m100_418M,True,7,7,7
syn-0327,fr,facebook/m2m100_418M,True,1,1,11
syn-0339,fr,facebook/m2m100_418M,True,7,7,7
syn-0340,fr,facebook/m2m100_418M,True,9,9,9
syn-0341,fr,facebook/m2m100_418M,True,8,8,8
syn-0351,fr,facebook/m2m100_418M,True,11,11,11
syn-0355,fr,facebook/m2m100_418M,True,5,5,5
syn-0360,fr,facebook/m2m100_418M,True,0,0,0
syn-0364,fr,facebook/m2m100_418M,True,4,4,4
syn-0375,fr,facebook/m2m100_418M,True,8,8,8
syn-0376,fr,facebook/m2m100_418M,True,5,5,5
syn-0385,fr,facebook/m2m100_418M,True,5,4,4
syn-0392,fr,facebook/m2m100_418M,True,1,1,1
syn-0405,fr,facebook/m2m100_418M,True,8,8,8
syn-0410,fr,facebook/m2m100_418M,True,10,10,10
syn-0418,fr,facebook/m2m100_418M,True,0,0,0
syn-0420,fr,facebook/m2m100_418M,False,2,2,2
syn-0422,fr,facebook/m2m100_418M,True,1,1,1
syn-0428,fr,facebook/m2m100_418M,True,8,1,8
syn-0429,fr,facebook/m2m100_418M,True,2,2,2
syn-0430,fr,facebook/m2m100_418M,True,1,1,1
syn-0435,fr,facebook/m2m100_418M,True,10,10,10
syn-0445,fr,facebook/m2m100_418M,True,6,6,8
syn-0447,fr,facebook/m2m100_418M,True,7,7,7
syn-0469,fr,facebook/m2m100_418M,True,9,9,9
syn-0474,fr,facebook/m2m100_418M,True,0,0,0
syn-0477,fr,facebook/m2m100_418M,True,7,7,7
syn-0485,fr,facebook/m2m100_418M,True,10,10,10
syn-0002,de,facebook/m2m100_418M,True,1,1,1
syn-0005,de,facebook/m2m100_418M,True,11,11,11
syn-0025,de,facebook/m2m100_418M,True,8,8,8
syn-0027,de,facebook/m2m100_418M,True,4,4,4
syn-0033,de,facebook/m2m100_418M,True,5,5,5
syn-0035,de,facebook/m2m100_418M,True,9,9,9
syn-0040,de,facebook/m2m100_418M,True,4,4,4
syn-0051,de,facebook/m2m100_418M,True,3,3,4
syn-0054,de,facebook/m2m100_418M,True,5,5,5
syn-0056,de,facebook/m2m100_418M,True,8,8,8
syn-0058,de,facebook/m2m100_418M,True,9,9,9
syn-0064,de,facebook/m2m100_418M,True,6,10,10
syn-0065,de,facebook/m2m100_418M,True,11,11,11
syn-0067,de,facebook/m2m100_418M,True,5,5,5
syn-0068,de,facebook/m2m100_418M,True,10,9,10
syn-0080,de,facebook/m2m100_418M,True,3,3,3
syn-0100,de,facebook/m2m100_418M,True,2,2,2
syn-0112,de,facebook/m2m100_418M,True,4,4,4
syn-0123,de,facebook/m2m100_418M,True,10,10,10
syn-0124,de,facebook/m2m100_418M,True,6,6,3
syn-0125,de,facebook/m2m100_418M,True,9,9,9
syn-0135,de,facebook/m2m100_418M,True,0,0,0
syn-0142,de,facebook/m2m100_418M,True,4,4,4
syn-0145,de,facebook/m2m100_418M,True,2,2,2
syn-0149,de,facebook/m2m100_418M,True,8,8,8
syn-0152,de,facebook/m2m100_418M,True,3,3,3
syn-0159,de,facebook/m2m100_418M,True,11,11,11
syn-0170,de,facebook/m2m100_418M,True,6,6,6
syn-0174,de,facebook/m2m100_418M,True,10,10,10
syn-0177,de,facebook/m2m100_418M,True,8,8,8
syn-0182,de,facebook/m2m100_418M,True,6,6,6
syn-0184,de,facebook/m2m100_418M,True,2,2,2
syn-0190,de,facebook/m2m100_418M,True,3,1,4
syn-0198,de,facebook/m2m100_418M,True,0,0,0
syn-0201,de,facebook/m2m100_418M,True,0,0,0
syn-0204,de,facebook/m2m100_418M,False,1,1,1
syn-0205,de,facebook/m2m100_418M,False,2,2,2
syn-0206,de,facebook/m2m100_418M,True,8,8,8
syn-0215,de,facebook/m2m100_418M,True,10,10,4
syn-0221,de,facebook/m2m100_418M,True,11,11,11
syn-0228,de,facebook/m2m100_418M,True,6,4,6
syn-0244,de,facebook/m2m100_418M,True,3,3,3
syn-0251,de,facebook/m2m100_418M,True,10,10,10
syn-0257,de,facebook/m2m100_418M,True,4,4,4
syn-0258,de,facebook/m2m100_418M,True,3,3,3
syn-0292,de,facebook/m2m100_418M,True,11,11,11
syn-0303,de,facebook/m2m100_418M,True,7,7,7
syn-0306,de,facebook/m2m100_418M,True,5,5,5
syn-0310,de,facebook/m2m100_418M,True,10,10,10
syn-0312,de,facebook/m2m100_418M,True,11,11,11
syn-0324,de,facebook/m2m100_418M,True,7,7,7
syn-0327,de,facebook/m2m100_418M,True,1,1,8
syn-0339,de,facebook/m2m100_418M,True,7,7,7
syn-0340,de,facebook/m2m100_418M,True,9,9,9
syn-0341,de,facebook/m2m100_418M,True,8,8,8
syn-0351,de,facebook/m2m100_418M,True,11,11,11
syn-0355,de,facebook/m2m100_418M,True,5,5,4
syn-0360,de,facebook/m2m100_418M,True,0,0,0
syn-0364,de,facebook/m2m100_418M,True,4,4,5
syn-0375,de,facebook/m2m100_418M,True,8,8,8
syn-0376,de,facebook/m2m100_418M,True,5,5,5
syn-0385,de,facebook/m2m100_418M,True,5,4,4
syn-0392,de,facebook/m2m100_418M,True,1,1,1
syn-0405,de,facebook/m2m100_418M,True,8,8,8
syn-0410,de,facebook/m2m100_418M,True,10,10,10
syn-0418,de,facebook/m2m100_418M,True,0,0,0
syn-0420,de,facebook/m2m100_418M,False,2,2,2
syn-0422,de,facebook/m2m100_418M,True,1,1,1
syn-0428,de,facebook/m2m100_418M,True,8,1,8
syn-0429,de,facebook/m2m100_418M,False,2,2,2
syn-0430,de,facebook/m2m100_418M,True,1,1,1
syn-0435,de,facebook/m2m100_418M,True,10,10,10
syn-0445,de,facebook/m2m100_418M,True,6,6,8
syn-0447,de,facebook/m2m100_418M,True,7,7,7
syn-0469,de,facebook/m2m100_418M,True,9,9,9
syn-0474,de,facebook/m2m100_418M,True,0,0,0
syn-0477,de,facebook/m2m100_418M,True,7,7,7
syn-0485,de,facebook/m2m100_418M,True,10,10,10
syn-0002,zh,facebook/m2m100_418M,True,1,1,1
syn-0005,zh,facebook/m2m100_418M,False,11,11,11
syn-0025,zh,facebook/m2m100_418M,True,8,8,8
syn-0027,zh,facebook/m2m100_418M,True,4,4,4
syn-0033,zh,facebook/m2m100_418M,True,5,5,5
syn-0035,zh,facebook/m2m100_418M,True,9,9,9
syn-0040,zh,facebook/m2m100_418M,True,4,4,6
syn-0051,zh,facebook/m2m100_418M,True,3,3,3
syn-0054,zh,facebook/m2m100_418M,True,5,5,5
syn-0056,zh,facebook/m2m100_418M,True,8,8,8
syn-0058,zh,facebook/m2m100_418M,True,9,9,9
syn-0064,zh,facebook/m2m100_418M,True,6,10,6
syn-0065,zh,facebook/m2m100_418M,True,11,11,11
syn-0067,zh,facebook/m2m100_418M,True,5,5,5
syn-0068,zh,facebook/m2m100_418M,False,10,9,10
syn-0080,zh,facebook/m2m100_418M,True,3,3,3
syn-0100,zh,facebook/m2m100_418M,True,2,2,2
syn-0112,zh,facebook/m2m100_418M,True,4,4,4
syn-0123,zh,facebook/m2m100_418M,True,10,10,10
syn-0124,zh,facebook/m2m100_418M,True,6,6,4
syn-0125,zh,facebook/m2m100_418M,True,9,9,9
syn-0135,zh,facebook/m2m100_418M,True,0,0,0
syn-0142,zh,facebook/m2m100_418M,True,4,4,3
syn-0145,zh,facebook/m2m100_418M,False,2,2,3
syn-0149,zh,facebook/m2m100_418M,True,8,8,11
syn-0152,zh,facebook/m2m100_418M,True,3,3,3
syn-0159,zh,facebook/m2m100_418M,False,11,11,11
syn-0170,zh,facebook/m2m100_418M,True,6,6,4
syn-0174,zh,facebook/m2m100_418M,True,10,10,3
syn-0177,zh,facebook/m2m100_418M,False,8,8,8
syn-0182,zh,facebook/m2m100_418M,True,6,6,6
syn-0184,zh,facebook/m2m100_418M,True,2,2,2
syn-0190,zh,facebook/m2m100_418M,True,3,1,1
syn-0198,zh,facebook/m2m100_418M,True,0,0,4
syn-0201,zh,facebook/m2m100_418M,True,0,0,0
syn-0204,zh,facebook/m2m100_418M,False,1,1,1
syn-0205,zh,facebook/m2m100_418M,False,2,2,2
syn-0206,zh,facebook/m2m100_418M,True,8,8,10
syn-0215,zh,facebook/m2m100_418M,True,10,10,6
syn-0221,zh,facebook/m2m100_418M,False,11,11,11
syn-0228,zh,facebook/m2m100_418M,True,6,4,3
syn-0244,zh,facebook/m2m100_418M,True,3,3,3
syn-0251,zh,facebook/m2m100_418M,True,10,10,10
syn-0257,zh,facebook/m2m100_418M,True,4,4,4
syn-0258,zh,facebook/m2m100_418M,True,3,3,3
syn-0292,zh,facebook/m2m100_418M,True,11,11,11
syn-0303,zh,facebook/m2m100_418M,True,7,7,7
syn-0306,zh,facebook/m2m100_418M,False,5,5,5
syn-0310,zh,facebook/m2m100_418M,True,10,10,10
syn-0312,zh,facebook/m2m100_418M,False,11,11,11
syn-0324,zh,facebook/m2m100_418M,True,7,7,7
syn-0327,zh,facebook/m2m100_418M,True,1,1,1
syn-0339,zh,facebook/m2m100_418M,False,7,7,7
syn-0340,zh,facebook/m2m100_418M,True,9,9,9
syn-0341,zh,facebook/m2m100_418M,True,8,8,8
syn-0351,zh,facebook/m2m100_418M,True,11,11,11
syn-0355,zh,facebook/m2m100_418M,False,5,5,5
syn-0360,zh,facebook/m2m100_418M,True,0,0,0
syn-0364,zh,facebook/m2m100_418M,False,4,4,5
syn-0375,zh,facebook/m2m100_418M,True,8,8,8
syn-0376,zh,facebook/m2m100_418M,True,5,5,5
syn-0385,zh,facebook/m2m100_418M,True,5,4,4
syn-0392,zh,facebook/m2m100_418M,False,1,1,1
syn-0405,zh,facebook/m2m100_418M,True,8,8,8
syn-0410,zh,facebook/m2m100_418M,True,10,10,10
syn-0418,zh,facebook/m2m100_418M,False,0,0,0
syn-0420,zh,facebook/m2m100_418M,False,2,2,2
syn-0422,zh,facebook/m2m100_418M,True,1,1,1
syn-0428,zh,facebook/m2m100_418M,False,8,1,1
syn-0429,zh,facebook/m2m100_418M,True,2,2,7
syn-0430,zh,facebook/m2m100_418M,True,1,1,1
syn-0435,zh,facebook/m2m100_418M,True,10,10,10
syn-0445,zh,facebook/m2m100_418M,False,6,6,6
syn-0447,zh,facebook/m2m100_418M,True,7,7,7
syn-0469,zh,facebook/m2m100_418M,False,9,9,9
syn-0474,zh,facebook/m2m100_418M,True,0,0,0
syn-0477,zh,facebook/m2m100_418M,False,7,7,11
syn-0485,zh,facebook/m2m100_418M,True,10,10,1
syn-0007,es,facebook/m2m100_418M,True,6,6,4
syn-0019,es,facebook/m2m100_418M,True,0,0,0
syn-0023,es,facebook/m2m100_418M,True,1,1,1
syn-0024,es,facebook/m2m100_418M,True,2,2,2
syn-0029,es,facebook/m2m100_418M,True,2,2,2
syn-0036,es,facebook/m2m100_418M,True,5,5,5
syn-0043,es,facebook/m2m100_418M,True,9,9,9
syn-0061,es,facebook/m2m100_418M,True,4,4,6
syn-0074,es,facebook/m2m100_418M,True,5,5,5
syn-0075,es,facebook/m2m100_418M,True,7,7,7
syn-0083,es,facebook/m2m100_418M,True,0,0,0
syn-0095,es,facebook/m2m100_418M,True,11,11,11
syn-0102,es,facebook/m2m100_418M,True,1,1,1
syn-0106,es,facebook/m2m100_418M,True,10,10,6
syn-0108,es,facebook/m2m100_418M,True,8,8,8
syn-0113,es,facebook/m2m100_418M,True,11,11,11
syn-0119,es,facebook/m2m100_418M,True,6,6,6
syn-0122,es,facebook/m2m100_418M,True,3,3,3
syn-0136,es,facebook/m2m100_418M,True,6,6,6
syn-0138,es,facebook/m2m100_418M,True,4,4,4
syn-0156,es,facebook/m2m100_418M,True,6,6,6
syn-0176,es,facebook/m2m100_418M,True,10,10,10
syn-0185,es,facebook/m2m100_418M,False,7,7,7
syn-0189,es,facebook/m2m100_418M,True,10,10,8
syn-0192,es,facebook/m2m100_418M,True,5,5,5
syn-0194,es,facebook/m2m100_418M,True,1,1,1
syn-0195,es,facebook/m2m100_418M,True,4,4,4
syn-0200,es,facebook/m2m100_418M,True,5,5,5
syn-0203,es,facebook/m2m100_418M,True,8,8,8
syn-0207,es,facebook/m2m100_418M,True,0,0,0
syn-0208,es,facebook/m2m100_418M,True,8,8,8
syn-0211,es,facebook/m2m100_418M,True,0,0,0
syn-0219,es,facebook/m2m100_418M,True,0,0,0
syn-0224,es,facebook/m2m100_418M,True,8,8,8
syn-0226,es,facebook/m2m100_418M,True,6,6,6
syn-0229,es,facebook/m2m100_418M,False,7,7,7
syn-0234,es,facebook/m2m100_418M,True,4,6,6
syn-0243,es,facebook/m2m100_418M,True,10,10,10
syn-0250,es,facebook/m2m100_418M,True,11,11,11
syn-0253,es,facebook/m2m100_418M,True,3,3,3
syn-0255,es,facebook/m2m100_418M,False,2,2,2
syn-0259,es,facebook/m2m100_418M,True,4,4,4
syn-0260,es,facebook/m2m100_418M,True,11,11,11
syn-0265,es,facebook/m2m100_418M,True,3,3,3
syn-0269,es,facebook/m2m100_418M,True,10,10,10
syn-0285,es,facebook/m2m100_418M,True,11,11,11
syn-0289,es,facebook/m2m100_418M,True,8,7,7
syn-0299,es,facebook/m2m100_418M,True,1,1,1
syn-0305,es,facebook/m2m100_418M,True,1,1,1
syn-0307,es,facebook/m2m100_418M,False,3,3,9
syn-0326,es,facebook/m2m100_418M,True,1,1,1
syn-0333,es,facebook/m2m100_418M,True,5,5,5
syn-0338,es,facebook/m2m100_418M,True,8,8,8
syn-0350,es,facebook/m2m100_418M,True,2,2,2
syn-0352,es,facebook/m2m100_418M,True,8,8,8
syn-0353,es,facebook/m2m100_418M,False,7,7,7
syn-0363,es,facebook/m2m100_418M,True,9,9,9
syn-0368,es,facebook/m2m100_418M,False,9,9,9
syn-0377,es,facebook/m2m100_418M,True,5,7,5
syn-0378,es,facebook/m2m100_418M,False,2,2,2
syn-0379,es,facebook/m2m100_418M,True,3,3,3
syn-0391,es,facebook/m2m100_418M,True,0,0,0
syn-0399,es,facebook/m2m100_418M,True,8,8,8
syn-0402,es,facebook/m2m100_418M,True,1,1,11
syn-0403,es,facebook/m2m100_418M,True,9,9,9
syn-0408,es,facebook/m2m100_418M,True,4,4,4
syn-0413,es,facebook/m2m100_418M,True,9,9,9
syn-0432,es,facebook/m2m100_418M,True,6,6,6
syn-0437,es,facebook/m2m100_418M,True,3,3,6
syn-0468,es,facebook/m2m100_418M,True,6,6,6
syn-0473,es,facebook/m2m100_418M,True,10,10,10
syn-0484,es,facebook/m2m100_418M,True,3,3,3
syn-0499,es,facebook/m2m100_418M,True,11,11,11
syn-0007,fr,facebook/m2m100_418M,True,6,6,5
syn-0019,fr,facebook/m2m100_418M,True,0,0,0
syn-0023,fr,facebook/m2m100_418M,True,1,1,1
syn-0024,fr,facebook/m2m100_418M,True,2,2,2
syn-0029,fr,facebook/m2m100_418M,False,2,2,2
syn-0036,fr,facebook/m2m100_418M,True,5,5,5
syn-0043,fr,facebook/m2m100_418M,True,9,9,9
syn-0061,fr,facebook/m2m100_418M,True,4,4,4
syn-0074,fr,facebook/m2m100_418M,True,5,5,1
syn-0075,fr,facebook/m2m100_418M,True,7,7,7
syn-0083,fr,facebook/m2m100_418M,True,0,0,0
syn-0095,fr,facebook/m2m100_418M,True,11,11,11
syn-0102,fr,facebook/m2m100_418M,True,1,1,1
syn-0106,fr,facebook/m2m100_418M,True,10,10,6
syn-0108,fr,facebook/m2m100_418M,True,8,8,8
syn-0113,fr,facebook/m2m100_418M,True,11,11,11
syn-0119,fr,facebook/m2m100_418M,True,6,6,6
syn-0122,fr,facebook/m2m100_418M,True,3,3,3
syn-0136,fr,facebook/m2m100_418M,True,6,6,6
syn-0138,fr,facebook/m2m100_418M,True,4,4,4
syn-0156,fr,facebook/m2m100_418M,True,6,6,6
syn-0176,fr,facebook/m2m100_418M,True,10,10,10
syn-0185,fr,facebook/m2m100_418M,True,7,7,9
syn-0189,fr,facebook/m2m100_418M,False,10,10,5
syn-0192,fr,facebook/m2m100_418M,True,5,5,5
syn-0194,fr,facebook/m2m100_418M,True,1,1,1
syn-0195,fr,facebook/m2m100_418M,True,4,4,4
syn-0200,fr,facebook/m2m100_418M,True,5,5,5
syn-0203,fr,facebook/m2m100_418M,True,8,8,8
syn-0207,fr,facebook/m2m100_418M,True,0,0,0
syn-0208,fr,facebook/m2m100_418M,True,8,8,8
syn-0211,fr,facebook/m2m100_418M,True,0,0,0
syn-0219,fr,facebook/m2m100_418M,True,0,0,0
syn-0224,fr,facebook/m2m100_418M,True,8,8,6
syn-0226,fr,facebook/m2m100_418M,True,6,6,6
syn-0229,fr,facebook/m2m100_418M,True,7,7,7
syn-0234,fr,facebook/m2m100_418M,True,4,6,6
syn-0243,fr,facebook/m2m100_418M,True,10,10,11
syn-0250,fr,facebook/m2m100_418M,True,11,11,11
syn-0253,fr,facebook/m2m100_418M,True,3,3,3
syn-0255,fr,facebook/m2m100_418M,True,2,2,2
syn-0259,fr,facebook/m2m100_418M,True,4,4,4
syn-0260,fr,facebook/m2m100_418M,True,11,11,11
syn-0265,fr,facebook/m2m100_418M,True,3,3,3
syn-0269,fr,facebook/m2m100_418M,True,10,10,10
syn-0285,fr,facebook/m2m100_418M,True,11,11,11
syn-0289,fr,facebook/m2m100_418M,True,8,7,7
syn-0299,fr,facebook/m2m100_418M,True,1,1,1
syn-0305,fr,facebook/m2m100_418M,True,1,1,1
syn-0307,fr,facebook/m2m100_418M,True,3,3,3
syn-0326,fr,facebook/m2m100_418M,True,1,1,1
syn-0333,fr,facebook/m2m100_418M,True,5,5,5
syn-0338,fr,facebook/m2m100_418M,True,8,8,8
syn-0350,fr,facebook/m2m100_418M,True,2,2,2
syn-0352,fr,facebook/m2m100_418M,True,8,8,8
syn-0353,fr,facebook/m2m100_418M,False,7,7,7
syn-0363,fr,facebook/m2m100_418M,True,9,9,9
syn-0368,fr,facebook/m2m100_418M,True,9,9,9
syn-0377,fr,facebook/m2m100_418M,True,5,7,5
syn-0378,fr,facebook/m2m100_418M,False,2,2,2
syn-0379,fr,facebook/m2m100_418M,True,3,3,3
syn-0391,fr,facebook/m2m100_418M,True,0,0,0
syn-0399,fr,facebook/m2m100_418M,True,8,8,8
syn-0402,fr,facebook/m2m100_418M,True,1,1,11
syn-0403,fr,facebook/m2m100_418M,True,9,9,9
syn-0408,fr,facebook/m2m100_418M,True,4,4,4
syn-0413,fr,facebook/m2m100_418M,True,9,9,9
syn-0432,fr,facebook/m2m100_418M,True,6,6,6
syn-0437,fr,facebook/m2m100_418M,True,3,3,3
syn-0468,fr,facebook/m2m100_418M,True,6,6,6
syn-0473,fr,facebook/m2m100_418M,True,10,10,10
syn-0484,fr,facebook/m2m100_418M,True,3,3,3
syn-0499,fr,facebook/m2m100_418M,True,11,11,11
syn-0007,de,facebook/m2m100_418M,True,6,6,6
syn-0019,de,facebook/m2m100_418M,True,0,0,0
syn-0023,de,facebook/m2m100_418M,True,1,1,1
syn-0024,de,facebook/m2m100_418M,True,2,2,2
syn-0029,de,facebook/m2m100_418M,True,2,2,2
syn-0036,de,facebook/m2m100_418M,True,5,5,5
syn-0043,de,facebook/m2m100_418M,True,9,9,9
syn-0061,de,facebook/m2m100_418M,True,4,4,4
syn-0074,de,facebook/m2m100_418M,True,5,5,5
syn-0075,de,facebook/m2m100_418M,True,7,7,7
syn-0083,de,facebook/m2m100_418M,True,0,0,0
syn-0095,de,facebook/m2m100_418M,True,11,11,11
syn-0102,de,facebook/m2m100_418M,False,1,1,1
syn-0106,de,facebook/m2m100_418M,True,10,10,1
syn-0108,de,facebook/m2m100_418M,True,8,8,8
syn-0113,de,facebook/m2m100_418M,True,11,11,11
syn-0119,de,facebook/m2m100_418M,True,6,6,6
syn-0122,de,facebook/m2m100_418M,True,3,3,3
syn-0136,de,facebook/m2m100_418M,True,6,6,6
syn-0138,de,facebook/m2m100_418M,True,4,4,4
syn-0156,de,facebook/m2m100_418M,True,6,6,6
syn-0176,de,facebook/m2m100_418M,True,10,10,10
syn-0185,de,facebook/m2m100_418M,True,7,7,7
syn-0189,de,facebook/m2m100_418M,True,10,10,10
syn-0192,de,facebook/m2m100_418M,True,5,5,5
syn-0194,de,facebook/m2m100_418M,True,1,1,1
syn-0195,de,facebook/m2m100_418M,True,4,4,4
syn-0200,de,facebook/m2m100_418M,True,5,5,5
syn-0203,de,facebook/m2m100_418M,True,8,8,8
syn-0207,de,facebook/m2m100_418M,True,0,0,0
syn-0208,de,facebook/m2m100_418M,True,8,8,8
syn-0211,de,facebook/m2m100_418M,True,0,0,0
syn-0219,de,facebook/m2m100_418M,True,0,0,0
syn-0224,de,facebook/m2m100_418M,True,8,8,6
syn-0226,de,facebook/m2m100_418M,True,6,6,6
syn-0229,de,facebook/m2m100_418M,True,7,7,7
syn-0234,de,facebook/m2m100_418M,True,4,6,6
syn-0243,de,facebook/m2m100_418M,True,10,10,11
syn-0250,de,facebook/m2m100_418M,True,11,11,11
syn-0253,de,facebook/m2m100_418M,True,3,3,3
syn-0255,de,facebook/m2m100_418M,True,2,2,2
syn-0259,de,facebook/m2m100_418M,True,4,4,4
syn-0260,de,facebook/m2m100_418M,True,11,11,11
syn-0265,de,facebook/m2m100_418M,True,3,3,3
syn-0269,de,facebook/m2m100_418M,True,10,10,10
syn-0285,de,facebook/m2m100_418M,True,11,11,11
syn-0289,de,facebook/m2m100_418M,True,8,7,5
syn-0299,de,facebook/m2m100_418M,True,1,1,1
syn-0305,de,facebook/m2m100_418M,True,1,1,1
syn-0307,de,facebook/m2m100_418M,True,3,3,3
syn-0326,de,facebook/m2m100_418M,True,1,1,1
syn-0333,de,facebook/m2m100_418M,True,5,5,5
syn-0338,de,facebook/m2m100_418M,True,8,8,8
syn-0350,de,facebook/m2m100_418M,True,2,2,2
syn-0352,de,facebook/m2m100_418M,True,8,8,8
syn-0353,de,facebook/m2m100_418M,True,7,7,7
syn-0363,de,facebook/m2m100_418M,True,9,9,9
syn-0368,de,facebook/m2m100_418M,True,9,9,9
syn-0377,de,facebook/m2m100_418M,True,5,7,5
syn-0378,de,facebook/m2m100_418M,True,2,2,2
syn-0379,de,facebook/m2m100_418M,True,3,3,3
syn-0391,de,facebook/m2m100_418M,True,0,0,0
syn-0399,de,facebook/m2m100_418M,True,8,8,8
syn-0402,de,facebook/m2m100_418M,True,1,1,4
syn-0403,de,facebook/m2m100_418M,True,9,9,9
syn-0408,de,facebook/m2m100_418M,True,4,4,4
syn-0413,de,facebook/m2m100_418M,True,9,9,9
syn-0432,de,facebook/m2m100_418M,True,6,6,6
syn-0437,de,facebook/m2m100_418M,True,3,3,6
syn-0468,de,facebook/m2m100_418M,True,6,6,6
syn-0473,de,facebook/m2m100_418M,True,10,10,10
syn-0484,de,facebook/m2m100_418M,True,3,3,3
syn-0499,de,facebook/m2m100_418M,True,11,11,11
syn-0007,zh,facebook/m2m100_418M,True,6,6,6
syn-0019,zh,facebook/m2m100_418M,True,0,0,3
syn-0023,zh,facebook/m2m100_418M,True,1,1,1
syn-0024,zh,facebook/m2m100_418M,True,2,2,2
syn-0029,zh,facebook/m2m100_418M,False,2,2,2
syn-0036,zh,facebook/m2m100_418M,True,5,5,5
syn-0043,zh,facebook/m2m100_418M,True,9,9,9
syn-0061,zh,facebook/m2m100_418M,True,4,4,4
syn-0074,zh,facebook/m2m100_418M,True,5,5,5
syn-0075,zh,facebook/m2m100_418M,False,7,7,7
syn-0083,zh,facebook/m2m100_418M,False,0,0,0
syn-0095,zh,facebook/m2m100_418M,True,11,11,11
syn-0102,zh,facebook/m2m100_418M,False,1,1,1
syn-0106,zh,facebook/m2m100_418M,True,10,10,1
syn-0108,zh,facebook/m2m100_418M,True,8,8,8
syn-0113,zh,facebook/m2m100_418M,False,11,11,11
syn-0119,zh,facebook/m2m100_418M,True,6,6,6
syn-0122,zh,facebook/m2m100_418M,False,3,3,3
syn-0136,zh,facebook/m2m100_418M,True,6,6,6
syn-0138,zh,facebook/m2m100_418M,True,4,4,4
syn-0156,zh,facebook/m2m100_418M,True,6,6,6
syn-0176,zh,facebook/m2m100_418M,True,10,10,10
syn-0185,zh,facebook/m2m100_418M,False,7,7,7
syn-0189,zh,facebook/m2m100_418M,False,10,10,1
syn-0192,zh,facebook/m2m100_418M,True,5,5,5
syn-0194,zh,facebook/m2m100_418M,False,1,1,1
syn-0195,zh,facebook/m2m100_418M,True,4,4,4
syn-0200,zh,facebook/m2m100_418M,True,5,5,5
syn-0203,zh,facebook/m2m100_418M,False,8,8,8
syn-0207,zh,facebook/m2m100_418M,True,0,0,0
syn-0208,zh,facebook/m2m100_418M,False,8,8,8
syn-0211,zh,facebook/m2m100_418M,False,0,0,0
syn-0219,zh,facebook/m2m100_418M,True,0,0,0
syn-0224,zh,facebook/m2m100_418M,True,8,8,6
syn-0226,zh,facebook/m2m100_418M,True,6,6,6
syn-0229,zh,facebook/m2m100_418M,False,7,7,7
syn-0234,zh,facebook/m2m100_418M,True,4,6,3
syn-0243,zh,facebook/m2m100_418M,True,10,10,10
syn-0250,zh,facebook/m2m100_418M,True,11,11,11
syn-0253,zh,facebook/m2m100_418M,True,3,3,3
syn-0255,zh,facebook/m2m100_418M,False,2,2,2
syn-0259,zh,facebook/m2m100_418M,True,4,4,3
syn-0260,zh,facebook/m2m100_418M,False,11,11,11
syn-0265,zh,facebook/m2m100_418M,True,3,3,3
syn-0269,zh,facebook/m2m100_418M,True,10,10,10
syn-0285,zh,facebook/m2m100_418M,True,11,11,3
syn-0289,zh,facebook/m2m100_418M,False,8,7,7
syn-0299,zh,facebook/m2m100_418M,True,1,1,1
syn-0305,zh,facebook/m2m100_418M,True,1,1,1
syn-0307,zh,facebook/m2m100_418M,True,3,3,3
syn-0326,zh,facebook/m2m100_418M,False,1,1,1
syn-0333,zh,facebook/m2m100_418M,False,5,5,5
syn-0338,zh,facebook/m2m100_418M,True,8,8,8
syn-0350,zh,facebook/m2m100_418M,True,2,2,2
syn-0352,zh,facebook/m2m100_418M,False,8,8,8
syn-0353,zh,facebook/m2m100_418M,False,7,7,7
syn-0363,zh,facebook/m2m100_418M,True,9,9,3
syn-0368,zh,facebook/m2m100_418M,True,9,9,9
syn-0377,zh,facebook/m2m100_418M,False,5,7,5
syn-0378,zh,facebook/m2m100_418M,False,2,2,2
syn-0379,zh,facebook/m2m100_418M,True,3,3,3
syn-0391,zh,facebook/m2m100_418M,True,0,0,0
syn-0399,zh,facebook/m2m100_418M,False,8,8,8
syn-0402,zh,facebook/m2m100_418M,True,1,1,4
syn-0403,zh,facebook/m2m100_418M,True,9,9,9
syn-0408,zh,facebook/m2m100_418M,True,4,4,9
syn-0413,zh,facebook/m2m100_418M,False,9,9,9
syn-0432,zh,facebook/m2m100_418M,True,6,6,6
syn-0437,zh,facebook/m2m100_418M,True,3,3,3
syn-0468,zh,facebook/m2m100_418M,True,6,6,6
syn-0473,zh,facebook/m2m100_418M,True,10,10,10
syn-0484,zh,facebook/m2m100_418M,False,3,3,3
syn-0499,zh,facebook/m2m100_418M,True,11,11,11
