id,split,set,is_unknown,gold,pred,msp,msp_temp,max_logit,neg_energy,maha_ft,knn1_ft,knn5_ft
syn-0008,val,cal,False,shipment_information.analytics,shipment_information.analytics,0.996778488,0.987391949,7.34055853,7.34378526,-20.6279283,0.996730083,0.994203973
syn-0011,val,cal,False,shipment_information.realtime_query,shipment_information.realtime_query,0.995148838,0.98246032,7.03177881,7.0366418,-53.4167369,0.979655379,0.978222646
syn-0017,val,cal,False,customer_support,customer_support,0.993643999,0.978107333,6.65432644,6.6607027,-32.3470957,0.996072004,0.988658685
syn-0041,val,cal,False,shipment_information.realtime_query,shipment_information.realtime_query,0.982210398,0.953668237,6.26460791,6.28255763,-89.9509546,0.912857699,0.903679479
syn-0044,val,cal,False,chitchat,chitchat,0.994653881,0.980851889,6.89178371,6.8971442,-27.425086,0.995500382,0.994374174
syn-0048,val,cal,False,yard_management,yard_management,0.995155513,0.98240304,6.94951725,6.95437348,-43.5989456,0.989024254,0.986678904
syn-0049,val,cal,False,shipment_information.analytics,shipment_information.analytics,0.996679842,0.987065256,7.30474472,7.30807037,-30.0571404,0.99485512,0.993983157
syn-0057,val,cal,False,shipment_information.analytics,shipment_information.analytics,0.996028125,0.985069633,7.16521358,7.16919339,-42.0111853,0.985457989,0.985154814
syn-0063,val,cal,False,appointment_manager,appointment_manager,0.995366633,0.983004212,7.15594387,7.16058801,-20.5620152,0.996358913,0.995294678
syn-0064,val,cal,False,orders,orders,0.976153553,0.942964077,6.04198313,6.06611849,-107.666787,0.903731067,0.890825797
syn-0065,val,cal,False,yard_management,yard_management,0.992997348,0.977044284,6.85087299,6.85790027,-48.3149882,0.981701178,0.965297825
syn-0069,val,cal,False,yard_management,yard_management,0.995129347,0.982317328,6.92281055,6.92769311,-42.7575821,0.987256788,0.983719465
syn-0072,val,cal,False,ai_agent_performance,ai_agent_performance,0.995895922,0.984613776,7.01400948,7.01812201,-18.437365,0.997398951,0.995687518
syn-0073,val,cal,False,yard_management,yard_management,0.995191514,0.982561886,6.97320604,6.97802614,-39.7882659,0.988922223,0.986876968
syn-0076,val,cal,False,knowledge_base,knowledge_base,0.995631039,0.983805358,7.1958909,7.20026941,-34.3329651,0.989199282,0.987043648
syn-0082,val,cal,False,appointment_manager,appointment_manager,0.994689941,0.9811396,7.1028266,7.10815081,-39.2240871,0.989868026,0.987434663
syn-0090,val,cal,False,knowledge_base,knowledge_base,0.992422581,0.975007772,6.79507303,6.80267928,-69.2276208,0.960123174,0.955118512
syn-0094,val,cal,False,appointment_manager,appointment_manager,0.99534291,0.982952774,7.14526653,7.14993448,-31.0403765,0.994109485,0.992487268
syn-0100,val,cal,False,chitchat,chitchat,0.994894564,0.981559455,6.92699575,6.93211425,-16.6140148,0.998324343,0.996896504
syn-0109,val,cal,False,customer_support,customer_support,0.604684472,0.529343963,3.70618582,4.20923426,-188.375097,0.636923237,0.606913086
syn-0119,val,cal,False,orders,orders,0.995436549,0.98319149,6.95017338,6.95474728,-20.7704134,0.997233058,0.995604542
syn-0127,val,cal,False,yard_management,yard_management,0.993500769,0.977789521,6.73073339,6.73725386,-61.8264264,0.968047127,0.966592396
syn-0130,val,cal,False,orders,shipment_information.analytics,0.947215617,0.897532463,5.66545486,5.71968338,-119.680337,0.839163779,0.814866366
syn-0137,val,cal,False,shipment_information.analytics,shipment_information.analytics,0.996395409,0.98623997,7.24919796,7.25280909,-33.4124724,0.991680544,0.989773805
syn-0139,val,cal,False,appointment_manager,appointment_manager,0.995455444,0.983339369,7.18182945,7.18638434,-23.1370062,0.997092341,0.994458739
syn-0141,val,cal,False,chitchat,chitchat,0.994700432,0.98099041,6.90045404,6.90576772,-20.6192439,0.997863039,0.995394754
syn-0171,val,cal,False,orders,orders,0.973057628,0.936741531,5.92108107,5.94839304,-96.9994081,0.895004262,0.887020881
syn-0181,val,cal,False,shipment_information.realtime_query,shipment_information.realtime_query,0.994648933,0.98116076,6.96594524,6.97131069,-45.1983791,0.982146291,0.974455204
syn-0185,val,cal,False,other,other,0.640083253,0.556276381,3.60925341,4.05541041,-179.019528,0.619357951,0.611870437
syn-0190,val,cal,False,customer_support,customer_support,0.984394789,0.957035899,6.17663574,6.192364,-82.3075135,0.942653091,0.933980795
syn-0200,val,cal,False,knowledge_base,knowledge_base,0.990319252,0.970000029,6.71218157,6.7219095,-78.8986834,0.952419444,0.946869821
syn-0204,val,cal,False,appointment_manager,appointment_manager,0.995322466,0.982874215,7.15060139,7.15528988,-24.8094401,0.995542641,0.994004729
syn-0208,val,cal,False,shipment_information.analytics,shipment_information.analytics,0.995664895,0.984096229,7.12916899,7.13351352,-46.3957591,0.983045895,0.980064281
syn-0210,val,cal,False,ai_agent_performance,ai_agent_performance,0.995578647,0.983608425,6.94468164,6.94911279,-33.527291,0.99305376,0.990768757
syn-0211,val,cal,False,ai_agent_performance,ai_agent_performance,0.994767964,0.981465042,6.86997128,6.87521703,-44.0130776,0.985529016,0.981351256
syn-0218,val,cal,False,shipment_information.analytics,shipment_information.analytics,0.996394634,0.986234784,7.26597309,7.26958494,-39.1140296,0.988145151,0.986258895
syn-0219,val,cal,False,ai_agent_performance,ai_agent_performance,0.995640218,0.983857751,6.9802556,6.9846249,-26.8923147,0.993822296,0.9928996
syn-0229,val,cal,False,other,other,0.992307127,0.974490702,6.59777498,6.60549758,-68.4112414,0.973618004,0.967083312
syn-0247,val,cal,False,customer_support,orders,0.957924962,0.913406432,5.83311033,5.87609616,-126.196012,0.854543102,0.837548214
syn-0270,val,cal,False,shipment_information.realtime_query,shipment_information.realtime_query,0.613888741,0.549411058,4.09357643,4.58151804,-170.442802,0.664710951,0.629912721
syn-0272,val,cal,False,customer_support,orders,0.411202818,0.376828074,3.19255519,4.08122389,-203.177222,0.520564454,0.502391644
syn-0278,val,cal,False,shipment_information.disruptions,shipment_information.disruptions,0.994757473,0.981217384,6.87849665,6.88375297,-38.8548072,0.990401301,0.98801755
syn-0279,val,cal,False,ai_agent_performance,ai_agent_performance,0.994202137,0.980038881,6.83393669,6.83975145,-46.2069408,0.985039317,0.977318204
syn-0297,val,cal,False,yard_management,yard_management,0.9957425,0.98413837,7.05881166,7.06307822,-27.5453367,0.99406621,0.992250089
syn-0298,val,cal,False,other,other,0.993128538,0.976612866,6.6829505,6.68984566,-49.5886096,0.985288216,0.983077681
syn-0321,val,cal,False,shipment_information.disruptions,shipment_information.disruptions,0.994259775,0.979757369,6.78912735,6.79488409,-39.6170284,0.98808958,0.985202793
syn-0326,val,cal,False,appointment_manager,appointment_manager,0.995519519,0.983477592,7.19868851,7.20317906,-29.0573398,0.993961676,0.992232023
syn-0328,val,cal,False,shipment_information.realtime_query,shipment_information.realtime_query,0.996335447,0.985938489,7.21484995,7.21852124,-28.998819,0.994602438,0.992044972
syn-0333,val,cal,False,knowledge_base,knowledge_base,0.994962871,0.981908619,7.0979929,7.10304273,-43.0587503,0.982990244,0.979366951
syn-0353,val,cal,False,other,other,0.931918681,0.874225736,5.48618507,5.55669479,-123.83344,0.846350264,0.832069638
syn-0363,val,cal,False,shipment_information.disruptions,shipment_information.realtime_query,0.945471346,0.880925119,4.93999815,4.99606985,-154.0195,0.800489866,0.787434551
syn-0366,val,cal,False,shipment_information.disruptions,shipment_information.disruptions,0.988144219,0.964916706,6.31659126,6.32851791,-82.5706809,0.949502071,0.940284925
syn-0374,val,cal,False,shipment_information.analytics,shipment_information.analytics,0.995636046,0.984094679,7.16769791,7.17207142,-41.6540339,0.984575817,0.980197838
syn-0378,val,cal,False,chitchat,chitchat,0.994756579,0.981194437,6.90686989,6.91212708,-29.2590977,0.995382617,0.993926074
syn-0385,val,cal,False,knowledge_base,knowledge_base,0.993407488,0.977643371,6.900177,6.90679137,-58.3521766,0.970712223,0.964173489
syn-0388,val,cal,False,knowledge_base,other,0.962329745,0.91726625,5.74188471,5.78028282,-119.704882,0.891197213,0.880192502
syn-0391,val,cal,False,ai_agent_performance,ai_agent_performance,0.995751679,0.984217584,7.01558828,7.01984566,-19.7553092,0.996504499,0.994326161
syn-0393,val,cal,False,chitchat,chitchat,0.993764639,0.978356719,6.76987696,6.77613184,-38.915535,0.992925455,0.985988721
syn-0407,val,cal,False,orders,orders,0.935960829,0.888139784,5.83836746,5.9045491,-123.416958,0.853217266,0.83975882
syn-0409,val,cal,False,shipment_information.realtime_query,shipment_information.realtime_query,0.99624759,0.985688567,7.21381617,7.21757564,-29.6909545,0.99437462,0.990895512
syn-0413,val,cal,False,shipment_information.disruptions,shipment_information.disruptions,0.994624555,0.980911851,6.88354206,6.88893199,-42.409292,0.988643383,0.986575542
syn-0435,val,cal,False,shipment_information.realtime_query,shipment_information.realtime_query,0.996440649,0.986279905,7.25928593,7.26285165,-22.6177563,0.996085498,0.99457638
syn-0437,val,cal,False,customer_support,customer_support,0.919461787,0.849376082,4.97324038,5.05720717,-126.29446,0.801490421,0.787703187
syn-0439,val,cal,False,orders,orders,0.994847476,0.981464684,6.84696627,6.85213213,-34.8410399,0.992698326,0.990040364
syn-0452,val,cal,False,shipment_information.realtime_query,shipment_information.realtime_query,0.995422423,0.983367682,7.09396219,7.09855026,-34.3089105,0.989957165,0.98591641
syn-0453,val,cal,False,appointment_manager,appointment_manager,0.992512643,0.975854993,6.87519121,6.88270672,-61.997027,0.966106959,0.954524715
syn-0460,val,cal,False,shipment_information.analytics,shipment_information.analytics,0.9960922,0.985261858,7.16695452,7.17086996,-44.2372393,0.984577364,0.982779709
syn-0468,val,cal,False,orders,orders,0.995530069,0.983487606,6.97153473,6.97601469,-30.1401759,0.994618597,0.993279103
syn-0001,test,eval,False,appointment_manager,appointment_manager,0.995368838,0.983051717,7.15804005,7.16268197,-21.8108126,0.99508944,0.994422314
syn-0012,test,eval,False,customer_support,customer_support,0.99387145,0.978923559,6.71671772,6.72286512,-35.3328888,0.991909808,0.987454461
syn-0021,test,eval,False,shipment_information.analytics,shipment_information.analytics,0.993937314,0.979385912,6.904953,6.91103413,-69.7373984,0.963933728,0.958720618
syn-0028,test,eval,False,orders,orders,0.995211661,0.982547164,6.90203094,6.9068308,-30.080734,0.992297077,0.9894333
syn-0030,test,eval,False,appointment_manager,appointment_manager,0.994255483,0.980080724,7.06457138,7.07033248,-44.6464721,0.987398246,0.983458063
syn-0047,test,eval,False,ai_agent_performance,ai_agent_performance,0.995624423,0.983814597,6.98783112,6.99221632,-26.9697976,0.993889083,0.9917192
syn-0060,test,eval,False,knowledge_base,knowledge_base,0.994974673,0.981861353,7.10462618,7.10966417,-60.8328585,0.980900795,0.97885747
syn-0066,test,eval,False,orders,orders,0.698532701,0.639997542,4.57906628,4.93783958,-148.244514,0.723930354,0.70665254
syn-0088,test,eval,False,ai_agent_performance,ai_agent_performance,0.994072616,0.979497612,6.79998827,6.80593329,-52.1983008,0.987894074,0.974828754
syn-0092,test,eval,False,yard_management,yard_management,0.995237768,0.982764482,6.98164225,6.98641582,-48.5715262,0.985400304,0.980745561
syn-0096,test,eval,False,orders,orders,0.99429971,0.979945779,6.7867527,6.7924693,-41.5642103,0.985447059,0.983089384
syn-0099,test,eval,False,chitchat,chitchat,0.994488657,0.980404615,6.86508703,6.87061365,-30.1865881,0.995793662,0.992727672
syn-0104,test,eval,False,orders,orders,0.99558413,0.983650923,6.99467945,6.99910513,-20.9608653,0.996207815,0.995697919
syn-0110,test,eval,False,shipment_information.disruptions,shipment_information.disruptions,0.991091311,0.971621692,6.49454832,6.50349691,-63.9792507,0.963815063,0.958140371
syn-0115,test,eval,False,shipment_information.realtime_query,shipment_information.realtime_query,0.995936811,0.984730005,7.12753057,7.13160204,-37.406209,0.989036714,0.987649487
syn-0116,test,eval,False,knowledge_base,knowledge_base,0.914236128,0.856808543,5.62601614,5.71568255,-125.397163,0.851287463,0.825889182
syn-0126,test,eval,False,other,other,0.992583632,0.975208998,6.66645765,6.67390168,-58.1508079,0.975671544,0.974613257
syn-0157,test,eval,False,knowledge_base,knowledge_base,0.99274236,0.976254284,6.91638422,6.92366834,-59.3252362,0.972638672,0.962536383
syn-0180,test,eval,False,appointment_manager,appointment_manager,0.994113147,0.979643464,7.02301979,7.02892403,-56.8670692,0.975752461,0.973970039
syn-0199,test,eval,False,orders,orders,0.989314556,0.967821956,6.49446201,6.50520494,-84.297158,0.935308179,0.92966364
syn-0212,test,eval,False,shipment_information.realtime_query,shipment_information.realtime_query,0.996122956,0.98534286,7.17714405,7.18102863,-34.9050186,0.991514966,0.989185106
syn-0214,test,eval,False,customer_support,orders,0.969514966,0.926520467,5.68445349,5.71541287,-138.786951,0.838790211,0.833569421
syn-0216,test,eval,False,customer_support,customer_support,0.994488001,0.980458617,6.73731804,6.74284526,-21.9608618,0.996352071,0.99509879
syn-0220,test,eval,False,chitchat,chitchat,0.994607031,0.980712593,6.88242102,6.88782857,-24.1832342,0.996699638,0.995300438
syn-0227,test,eval,False,shipment_information.analytics,shipment_information.analytics,0.996566534,0.986713588,7.27157831,7.27501771,-32.8002413,0.990248776,0.989161162
syn-0231,test,eval,False,ai_agent_performance,ai_agent_performance,0.995620728,0.983867824,7.00131512,7.005704,-26.6987827,0.993252987,0.992405398
syn-0235,test,eval,False,shipment_information.analytics,shipment_information.analytics,0.995725274,0.984212697,7.13300133,7.13728521,-46.4816266,0.981216986,0.978369142
syn-0245,test,eval,False,knowledge_base,knowledge_base,0.996100724,0.985241413,7.31165361,7.31556054,-26.6551322,0.994630854,0.993462261
syn-0256,test,eval,False,yard_management,yard_management,0.586246312,0.545644104,4.49175358,5.02576886,-170.251114,0.689564101,0.66549418
syn-0266,test,eval,False,other,other,0.994161427,0.979523599,6.84403944,6.84989513,-31.7790039,0.993251088,0.990470444
syn-0277,test,eval,False,shipment_information.realtime_query,shipment_information.realtime_query,0.996143639,0.985373914,7.18449831,7.18836215,-24.3604766,0.995436798,0.991329201
syn-0287,test,eval,False,shipment_information.analytics,shipment_information.analytics,0.996787906,0.987428367,7.34296608,7.34618333,-26.4811111,0.995994195,0.994313917
syn-0315,test,eval,False,customer_support,customer_support,0.99445492,0.980418801,6.74668217,6.75224271,-24.818153,0.995649629,0.993284141
syn-0317,test,eval,False,shipment_information.disruptions,shipment_information.disruptions,0.988748133,0.966236234,6.3539114,6.36522703,-82.5043005,0.951542265,0.942142709
syn-0319,test,eval,False,shipment_information.realtime_query,shipment_information.realtime_query,0.996047914,0.985061407,7.1691246,7.17308453,-29.5560019,0.994220487,0.988764146
syn-0320,test,eval,False,customer_support,customer_support,0.994207382,0.979744554,6.74460793,6.75041736,-28.2280951,0.993035767,0.991885445
syn-0331,test,eval,False,shipment_information.disruptions,shipment_information.disruptions,0.991906881,0.973878741,6.62936878,6.63749481,-59.4783555,0.973347947,0.961717675
syn-0337,test,eval,False,knowledge_base,knowledge_base,0.995430052,0.983265162,7.21136713,7.21594758,-40.0740623,0.991186148,0.98588483
syn-0342,test,eval,False,ai_agent_performance,ai_agent_performance,0.99558264,0.983676136,6.96403027,6.96845741,-33.982231,0.990906989,0.989648407
syn-0344,test,eval,False,appointment_manager,appointment_manager,0.992413163,0.975868642,6.95098305,6.95859878,-59.1846657,0.965924567,0.953635439
syn-0347,test,eval,False,appointment_manager,appointment_manager,0.995031893,0.982026577,7.11019516,7.11517567,-21.7626881,0.995480622,0.993682917
syn-0361,test,eval,False,yard_management,yard_management,0.995478511,0.983407319,7.03441,7.03894174,-38.641263,0.990077211,0.985913651
syn-0362,test,eval,False,chitchat,chitchat,0.994829834,0.981374741,6.91097164,6.91615524,-15.791838,0.99828341,0.997133649
syn-0365,test,eval,False,chitchat,chitchat,0.992808521,0.975739658,6.64288378,6.65010122,-59.6978634,0.982446776,0.977431774
syn-0387,test,eval,False,shipment_information.realtime_query,shipment_information.realtime_query,0.906169534,0.840340793,5.30822849,5.40675734,-124.510315,0.823532168,0.797172216
syn-0389,test,eval,False,shipment_information.analytics,shipment_information.analytics,0.987054408,0.964424253,6.5700264,6.58305653,-91.3470953,0.932977503,0.922821778
syn-0390,test,eval,False,other,other,0.988326907,0.964418173,6.28815126,6.29989302,-90.7127697,0.954209847,0.943273851
syn-0394,test,eval,False,knowledge_base,knowledge_base,0.995506942,0.983512223,7.20350695,7.20801011,-31.6461557,0.992829617,0.985680689
syn-0395,test,eval,False,shipment_information.realtime_query,shipment_information.realtime_query,0.994481087,0.980883837,6.95916939,6.96470359,-49.0559279,0.974826023,0.972704342
syn-0398,test,eval,False,customer_support,customer_support,0.992902935,0.976440012,6.63815308,6.64527545,-44.5578017,0.981092637,0.978158914
syn-0400,test,eval,False,chitchat,chitchat,0.994488657,0.980389178,6.87770796,6.88323454,-38.0872225,0.992872738,0.991995824
syn-0404,test,eval,False,shipment_information.disruptions,shipment_information.disruptions,0.992459893,0.975300848,6.64595795,6.65352663,-63.1267589,0.97093733,0.967371018
syn-0412,test,eval,False,shipment_information.realtime_query,shipment_information.realtime_query,0.995968163,0.984817803,7.13735628,7.14139627,-37.8752116,0.992294986,0.988102177
syn-0424,test,eval,False,other,other,0.491496235,0.421792179,2.79576159,3.50606261,-215.715053,0.507922798,0.493782573
syn-0434,test,eval,False,orders,orders,0.995414555,0.983112812,6.94390535,6.94850133,-18.7429082,0.997650097,0.997034352
syn-0438,test,eval,False,shipment_information.analytics,shipment_information.analytics,0.995391667,0.983325779,7.08792305,7.09254204,-49.069706,0.983550473,0.97501963
syn-0441,test,eval,False,orders,orders,0.99537921,0.983007193,6.93708706,6.94171856,-22.1105527,0.997012146,0.99601521
syn-0442,test,eval,False,appointment_manager,appointment_manager,0.995204628,0.982606947,7.15824509,7.16305202,-28.7757443,0.99394595,0.992220738
syn-0446,test,eval,False,appointment_manager,knowledge_base,0.912365735,0.837427378,5.04858685,5.14030117,-145.083281,0.771120179,0.754601564
syn-0462,test,eval,False,shipment_information.disruptions,shipment_information.disruptions,0.917442739,0.858156681,5.36001253,5.44617766,-123.461225,0.849519023,0.828048041
syn-0466,test,eval,False,ai_agent_performance,ai_agent_performance,0.994944334,0.981867254,6.88796329,6.89303177,-44.2455804,0.991687984,0.982881945
syn-0467,test,eval,False,shipment_information.analytics,shipment_information.analytics,0.994061112,0.979806304,6.88924074,6.89519736,-62.7762462,0.97120067,0.967779309
syn-0470,test,eval,False,yard_management,yard_management,0.995437682,0.983222902,6.99087238,6.99544511,-36.128249,0.991693208,0.988182681
syn-0475,test,eval,False,shipment_information.realtime_query,shipment_information.realtime_query,0.994142175,0.97993958,6.90140581,6.90728087,-60.6334869,0.971851267,0.966771456
syn-0479,test,eval,False,shipment_information.analytics,shipment_information.analytics,0.996710896,0.987175882,7.31960011,7.32289461,-28.697456,0.995702458,0.99306785
syn-0483,test,eval,False,yard_management,yard_management,0.995603979,0.98373431,7.04101562,7.04542136,-36.9242875,0.992205038,0.988499813
syn-0494,test,eval,False,ai_agent_performance,ai_agent_performance,0.995894074,0.984657586,7.03849792,7.04261233,-22.89817,0.995512854,0.993755799
syn-0500,test,eval,False,yard_management,yard_management,0.995028138,0.982094765,6.95394945,6.95893372,-45.1727995,0.985911069,0.980040141
syn-0027,val,eval,True,document_processing,ai_agent_performance,0.804899931,0.711402893,4.28982639,4.50686372,-150.865974,0.694942528,0.662387278
syn-0032,val,eval,True,document_processing,orders,0.920691371,0.863134384,5.50478268,5.58741311,-138.740476,0.818682417,0.806643683
syn-0040,train,eval,True,document_processing,orders,0.709653974,0.636784315,4.29141521,4.63439302,-166.757597,0.680121514,0.661895123
syn-0050,train,eval,True,document_processing,orders,0.986596584,0.960678279,6.11609507,6.12958914,-126.558439,0.91455335,0.910675716
syn-0052,train,eval,True,document_processing,ai_agent_performance,0.882337451,0.815985978,5.13340425,5.25858498,-141.018015,0.818711176,0.771956662
syn-0061,train,eval,True,document_processing,orders,0.983016729,0.953551948,5.99476147,6.01189063,-134.41798,0.902359708,0.891477416
syn-0078,test,eval,True,document_processing,customer_support,0.990950048,0.971503377,6.4953537,6.50444487,-61.7955327,0.967407495,0.963541777
syn-0089,test,eval,True,document_processing,orders,0.835024238,0.741233051,4.2847867,4.46508124,-189.026621,0.674559637,0.656459723
syn-0091,train,eval,True,document_processing,orders,0.830026031,0.738006175,4.26461029,4.45090854,-185.759568,0.689138606,0.669477576
syn-0105,train,eval,True,document_processing,ai_agent_performance,0.992934048,0.97646594,6.665061,6.67215203,-67.6207084,0.971365652,0.957446087
syn-0112,train,eval,True,document_processing,shipment_information.analytics,0.977034688,0.944774926,6.18797636,6.21120947,-108.862534,0.900187946,0.883760487
syn-0114,train,eval,True,document_processing,orders,0.993418872,0.978013992,6.78879499,6.79539784,-68.9777312,0.972161098,0.965330954
syn-0131,test,eval,True,document_processing,customer_support,0.889743507,0.830288827,5.41315603,5.52997806,-125.757245,0.825469555,0.805795835
syn-0132,test,eval,True,document_processing,ai_agent_performance,0.995839834,0.984437585,7.01916599,7.02333483,-23.8580077,0.996351586,0.99499227
syn-0138,train,eval,True,document_processing,orders,0.983727336,0.955026269,6.08499527,6.10140181,-124.801603,0.897705924,0.893119929
syn-0142,train,eval,True,document_processing,customer_support,0.985654771,0.961484849,6.38909721,6.40354635,-66.3444956,0.951730585,0.938452657
syn-0153,val,eval,True,document_processing,knowledge_base,0.940353692,0.887431026,5.62430143,5.68580066,-108.145159,0.846049297,0.836187105
syn-0155,train,eval,True,document_processing,orders,0.850497067,0.75842768,4.46136665,4.62330095,-172.608123,0.702124718,0.683860033
syn-0163,train,eval,True,document_processing,ai_agent_performance,0.717348516,0.661430061,4.8086586,5.14085207,-153.021341,0.765469989,0.719199799
syn-0169,train,eval,True,document_processing,ai_agent_performance,0.986833155,0.962314069,6.26187229,6.2751266,-91.8173312,0.930729516,0.921005954
syn-0183,val,eval,True,document_processing,knowledge_base,0.995696664,0.984020293,7.23534346,7.23965606,-39.839914,0.989466363,0.987676148
syn-0191,train,eval,True,document_processing,orders,0.989145041,0.968058705,6.51948071,6.53039503,-87.5562904,0.933585217,0.926364814
syn-0195,train,eval,True,document_processing,knowledge_base,0.993498683,0.977790892,6.92580748,6.93233,-58.7851177,0.971763671,0.961250248
syn-0196,train,eval,True,document_processing,ai_agent_performance,0.995604753,0.983765721,6.97389889,6.9783038,-32.3967877,0.993278123,0.990767582
syn-0234,train,eval,True,document_processing,orders,0.993905425,0.979410172,6.8302393,6.83635253,-53.7497833,0.976605944,0.972608988
syn-0237,train,eval,True,document_processing,ai_agent_performance,0.978140056,0.944953203,6.00004005,6.02214244,-103.008475,0.921166157,0.887747231
syn-0238,test,eval,True,document_processing,orders,0.988499224,0.9652583,6.27312088,6.28468828,-114.407219,0.93162552,0.921987033
syn-0257,train,eval,True,document_processing,knowledge_base,0.991445184,0.972562134,6.68652964,6.69512125,-79.2212839,0.950865804,0.942903748
syn-0259,train,eval,True,document_processing,orders,0.986012161,0.959882855,6.19832897,6.21241555,-119.130099,0.901795968,0.896320139
syn-0267,train,eval,True,document_processing,ai_agent_performance,0.995504498,0.983389676,6.94230223,6.94680788,-40.534782,0.990415324,0.988765016
syn-0309,test,eval,True,document_processing,ai_agent_performance,0.630892813,0.583838165,4.43105125,4.89167055,-158.425212,0.733932304,0.683447636
syn-0325,train,eval,True,document_processing,customer_support,0.98787272,0.964035571,6.24835587,6.26055725,-83.1822974,0.945362113,0.942137155
syn-0359,train,eval,True,document_processing,ai_agent_performance,0.610343874,0.537068784,3.69261336,4.18634608,-196.136564,0.619165946,0.581496457
syn-0364,train,eval,True,document_processing,knowledge_base,0.988102496,0.964037895,6.4265542,6.43852304,-90.1266618,0.924773381,0.920266463
syn-0367,val,eval,True,document_processing,ai_agent_performance,0.956738532,0.904629946,5.46744537,5.51167052,-123.972074,0.851033235,0.812653996
syn-0380,train,eval,True,document_processing,knowledge_base,0.994517863,0.980566561,6.98043871,6.98593594,-54.247938,0.977126424,0.973395895
syn-0406,train,eval,True,document_processing,ai_agent_performance,0.989130855,0.967281818,6.38024712,6.39117575,-83.7746217,0.942853104,0.932990589
syn-0408,val,eval,True,document_processing,ai_agent_performance,0.971165836,0.932500899,5.84542084,5.87467888,-125.599314,0.896799953,0.867423872
syn-0448,train,eval,True,document_processing,knowledge_base,0.995495617,0.983407378,7.17765617,7.18217072,-48.1993012,0.985746779,0.982583932
syn-0464,train,eval,True,document_processing,ai_agent_performance,0.995605707,0.983701348,6.95734739,6.9617514,-33.6110415,0.99380906,0.991866242
