id,split,set,is_unknown,gold,pred,msp,msp_temp,max_logit,neg_energy,maha_ft,knn1_ft,knn5_ft,maha_frozen,knn1_frozen,knn5_frozen,maha_ml,fuse_maha_energy
syn-0008,val,cal,False,shipment_information.analytics,shipment_information.analytics,0.990171731,0.995006442,6.42564297,6.43551987,-17.8924809,0.993467335,0.990495176,-21.9301171,0.935306777,0.8863589,6.51167065,0.97761194
syn-0011,val,cal,False,shipment_information.realtime_query,shipment_information.disruptions,0.317512959,0.327462584,2.73317933,3.88041597,-130.443677,0.49756118,0.483731544,-25.2584519,0.889463283,0.875347472,-3.94611139,0.0746268657
syn-0017,val,cal,False,customer_support,customer_support,0.984549165,0.991720498,6.08594704,6.10151846,-32.2466343,0.988944222,0.981163264,-33.033382,0.892690449,0.835745377,0.267236547,0.768656716
syn-0027,val,cal,False,document_processing,document_processing,0.971945167,0.983733177,5.58522224,5.61367812,-52.1758117,0.94309899,0.934192849,-28.7768887,0.87606386,0.854410351,-0.417360496,0.455223881
syn-0032,val,cal,False,document_processing,document_processing,0.981963694,0.990159988,5.91634178,5.93454272,-35.6578524,0.974467503,0.961488978,-27.8656127,0.880285143,0.851064612,2.75142352,0.671641791
syn-0041,val,cal,False,shipment_information.realtime_query,shipment_information.disruptions,0.923843086,0.946705163,5.05738592,5.13659895,-75.3279963,0.870783097,0.857987521,-24.1018787,0.905606599,0.883452235,-1.11626673,0.365671642
syn-0044,val,cal,False,chitchat,chitchat,0.985630929,0.992406309,5.91559601,5.93006934,-27.9569833,0.989145556,0.987847622,-32.5677451,0.890720222,0.870603815,-1.99213262,0.731343284
syn-0048,val,cal,False,yard_management,yard_management,0.985764384,0.992447615,6.09988022,6.11421816,-33.7948941,0.985503822,0.969476705,-31.0540819,0.866229578,0.826585069,2.09368173,0.76119403
syn-0049,val,cal,False,shipment_information.analytics,shipment_information.analytics,0.988290071,0.993923903,6.29586172,6.30764077,-44.1781715,0.970495367,0.967583182,-29.6234891,0.843583584,0.831261796,-0.326900294,0.73880597
syn-0057,val,cal,False,shipment_information.analytics,shipment_information.analytics,0.74511832,0.79136759,3.85791326,4.15212551,-111.954947,0.682613161,0.661316701,-30.298417,0.87801357,0.864626288,-1.99532268,0.104477612
syn-0063,val,cal,False,appointment_manager,appointment_manager,0.985570729,0.992340863,5.97981405,5.99434842,-39.7675373,0.975147638,0.969325094,-24.0422718,0.917761054,0.862084697,3.73875156,0.671641791
syn-0065,val,cal,False,yard_management,yard_management,0.986877918,0.993091464,6.18347692,6.19668585,-28.9911014,0.98578614,0.977629001,-25.7036774,0.900233445,0.87912689,3.43415814,0.813432836
syn-0069,val,cal,False,yard_management,yard_management,0.910240412,0.936755717,4.91959,5.01363655,-80.1349692,0.814872723,0.798160111,-32.6933235,0.862889158,0.838949964,-1.62224526,0.298507463
syn-0072,val,cal,False,ai_agent_performance,ai_agent_performance,0.985255599,0.992177129,5.88771772,5.9025719,-16.6606768,0.992122724,0.990685911,-21.5324805,0.900742269,0.871378638,7.74590075,0.798507463
syn-0073,val,cal,False,yard_management,yard_management,0.978518486,0.987837195,5.82335949,5.84507509,-58.6797206,0.944182617,0.929568468,-27.8937097,0.861095731,0.852789616,0.230622586,0.5
syn-0076,val,cal,False,knowledge_base,knowledge_base,0.96820122,0.981398165,5.33419704,5.36651238,-65.1360574,0.930991303,0.922653811,-28.9360794,0.849623723,0.843883221,2.27933201,0.417910448
syn-0082,val,cal,False,appointment_manager,appointment_manager,0.928314626,0.952126384,4.88469934,4.95908391,-76.1903641,0.852179612,0.83160274,-34.0209505,0.84324857,0.8237907,-2.00413453,0.313432836
syn-0090,val,cal,False,knowledge_base,knowledge_base,0.882683218,0.917360365,4.33400679,4.45879571,-100.606214,0.822829557,0.791155965,-32.0784999,0.85239419,0.840173062,-4.11460289,0.149253731
syn-0094,val,cal,False,appointment_manager,appointment_manager,0.957801878,0.97399652,5.24376822,5.28688254,-77.3094466,0.884168193,0.876514295,-30.5657101,0.852736032,0.832474664,-7.28206194,0.358208955
syn-0100,val,cal,False,chitchat,chitchat,0.986804008,0.99309361,5.99381971,6.00710355,-16.7906372,0.994890333,0.992781325,-29.4846202,0.892966297,0.861365234,3.62163627,0.865671642
syn-0109,val,cal,False,customer_support,shipment_information.realtime_query,0.469575256,0.496308982,2.94831753,3.70424421,-133.942385,0.588697052,0.564253175,-26.4539388,0.883975057,0.876559112,-6.84093637,0.0597014925
syn-0127,val,cal,False,yard_management,yard_management,0.308139771,0.327136874,2.21359944,3.39080128,-140.016764,0.399407679,0.390953713,-34.108166,0.832668884,0.820343088,-8.88406304,0.0223880597
syn-0137,val,cal,False,shipment_information.analytics,shipment_information.analytics,0.990291893,0.995072484,6.45133924,6.46109477,-23.0145893,0.990457248,0.986828784,-26.6634812,0.890177387,0.865224598,4.78076852,0.940298507
syn-0139,val,cal,False,appointment_manager,appointment_manager,0.987999856,0.993783712,6.11286592,6.12493863,-20.2515195,0.99404776,0.987720675,-28.3799797,0.878706411,0.85273076,5.53863309,0.873134328
syn-0141,val,cal,False,chitchat,chitchat,0.985683441,0.992431402,5.93296862,5.94738867,-26.2324764,0.992414099,0.986784069,-27.1466501,0.920332752,0.860346096,2.05264176,0.776119403
syn-0153,val,cal,False,document_processing,document_processing,0.901156485,0.929425776,4.905797,5.00987339,-79.1629001,0.861115166,0.820923149,-27.683185,0.885813312,0.849565951,-0.407222515,0.305970149
syn-0181,val,cal,False,shipment_information.realtime_query,shipment_information.analytics,0.518574059,0.547594547,3.47106814,4.12774062,-105.48591,0.590416032,0.577361648,-25.2856425,0.906684061,0.861676588,-1.80975796,0.104477612
syn-0183,val,cal,False,document_processing,document_processing,0.581790805,0.601441562,4.13313627,4.67478059,-92.3579651,0.733738409,0.711611119,-27.3185961,0.882492256,0.853018946,-0.335152035,0.231343284
syn-0185,val,cal,False,other,other,0.91396749,0.942339063,4.39702845,4.48698875,-93.1986864,0.862722526,0.851366471,-36.2187941,0.831345736,0.813346232,-9.4281509,0.201492537
syn-0190,val,cal,False,customer_support,appointment_manager,0.855046868,0.890155554,4.4540143,4.61061327,-95.1533463,0.821990241,0.795911801,-32.4417108,0.867349143,0.851391568,-6.17435754,0.194029851
syn-0200,val,cal,False,knowledge_base,knowledge_base,0.907936275,0.933106065,4.91114855,5.00772964,-61.3260883,0.922221502,0.906992528,-34.3473926,0.867542689,0.829148244,-0.546175098,0.373134328
syn-0204,val,cal,False,appointment_manager,appointment_manager,0.985359251,0.992164731,6.00654173,6.0212907,-33.4996153,0.976719364,0.972987288,-22.90965,0.900124843,0.868133259,2.76758638,0.746268657
syn-0208,val,cal,False,shipment_information.analytics,shipment_information.analytics,0.989764154,0.994775534,6.40033627,6.41062489,-34.0535195,0.982035172,0.980758922,-28.8573446,0.882679243,0.857344173,3.94632575,0.835820896
syn-0210,val,cal,False,ai_agent_performance,ai_agent_performance,0.976197422,0.986463547,5.59453726,5.61862771,-45.4518547,0.964120616,0.94988076,-27.1676748,0.899984484,0.857745693,1.66920183,0.485074627
syn-0211,val,cal,False,ai_agent_performance,ai_agent_performance,0.983084619,0.990850747,5.81594992,5.83300999,-20.2622509,0.992317359,0.985497614,-20.7887198,0.912100866,0.877841427,4.6565254,0.71641791
syn-0218,val,cal,False,shipment_information.analytics,shipment_information.analytics,0.98602736,0.992555916,6.13316679,6.14723795,-36.8696774,0.972732832,0.967836942,-27.5753919,0.863919128,0.845712295,1.29365286,0.73880597
syn-0219,val,cal,False,ai_agent_performance,ai_agent_performance,0.985312939,0.992217124,5.89075232,5.90554829,-22.1909209,0.992591969,0.987501303,-20.6443518,0.901961466,0.889036662,6.37794279,0.753731343
syn-0229,val,cal,False,other,other,0.971184194,0.983339131,5.32449627,5.35373543,-65.5185077,0.941603526,0.931103385,-35.897804,0.840147407,0.815715965,-4.37705296,0.402985075
syn-0247,val,cal,False,customer_support,customer_support,0.972734272,0.983957052,5.76088333,5.78852769,-63.0861775,0.937911459,0.928844177,-32.4967123,0.856865935,0.837224917,-3.74366212,0.462686567
syn-0270,val,cal,False,shipment_information.realtime_query,shipment_information.realtime_query,0.973383129,0.984423876,5.66097927,5.6879568,-68.1935231,0.909187134,0.902086395,-27.1175257,0.890995048,0.866777843,-0.446922784,0.432835821
syn-0272,val,cal,False,customer_support,shipment_information.realtime_query,0.57828927,0.62756604,2.88023996,3.42792101,-145.79637,0.554247681,0.547162208,-31.5514857,0.875509548,0.857617101,-7.68973399,0.0223880597
syn-0278,val,cal,False,shipment_information.disruptions,shipment_information.disruptions,0.982599795,0.990520597,5.92919683,5.94675018,-44.4105767,0.976479359,0.964564863,-30.5725601,0.882058564,0.868441808,4.16483195,0.611940299
syn-0279,val,cal,False,ai_agent_performance,ai_agent_performance,0.983460963,0.991077602,5.84510088,5.86177821,-24.3408864,0.987989485,0.985881745,-19.2942401,0.910788145,0.888392035,4.95603857,0.71641791
syn-0297,val,cal,False,yard_management,yard_management,0.98699218,0.993171036,6.19508266,6.20817584,-26.8831409,0.986145979,0.984475131,-28.655235,0.856706382,0.833888581,2.45122582,0.843283582
syn-0298,val,cal,False,other,other,0.980471432,0.989242017,5.6228261,5.64254785,-41.2878609,0.974438802,0.971086096,-41.863819,0.804096338,0.790569262,-1.49696453,0.529850746
syn-0321,val,cal,False,shipment_information.disruptions,shipment_information.disruptions,0.981574059,0.989980698,5.84285402,5.86145184,-48.1993519,0.96486439,0.955341844,-27.4057264,0.908242362,0.860130851,1.50623138,0.52238806
syn-0326,val,cal,False,appointment_manager,appointment_manager,0.925673246,0.948561311,5.02352142,5.10075541,-73.2957589,0.880706331,0.847345105,-29.0104221,0.872101544,0.821845263,-0.641824501,0.358208955
syn-0328,val,cal,False,shipment_information.realtime_query,shipment_information.realtime_query,0.988334835,0.993887961,6.23768663,6.24942037,-35.0982899,0.97162072,0.965660822,-28.8155467,0.87627314,0.863725928,2.95679322,0.791044776
syn-0333,val,cal,False,knowledge_base,knowledge_base,0.732400179,0.769483268,4.21192074,4.52334893,-94.7915139,0.706064009,0.673250933,-25.2018347,0.871328671,0.856367689,-1.34050509,0.194029851
syn-0353,val,cal,False,other,other,0.85862118,0.892843723,4.27356672,4.42599419,-93.3595953,0.818840888,0.803647542,-41.1250172,0.80423263,0.791311191,-5.68609384,0.171641791
syn-0363,val,cal,False,shipment_information.disruptions,shipment_information.analytics,0.62866354,0.681891143,3.21420121,3.67836027,-137.783721,0.568034056,0.557910538,-27.4799457,0.873418578,0.862971891,-5.46968292,0.0447761194
syn-0366,val,cal,False,shipment_information.disruptions,shipment_information.disruptions,0.943956852,0.96490854,4.8702631,4.92793795,-90.1299352,0.874580673,0.853414635,-26.8304989,0.876593364,0.859887862,-3.83283882,0.26119403
syn-0367,val,cal,False,document_processing,document_processing,0.978703856,0.987939835,5.88974047,5.91126665,-44.3323831,0.965512355,0.948630663,-31.3317497,0.869094184,0.81360002,0.158861513,0.589552239
syn-0374,val,cal,False,shipment_information.analytics,shipment_information.analytics,0.988823116,0.994234622,6.32582855,6.33706834,-35.7104068,0.979335619,0.973728773,-26.8406679,0.894731395,0.861229587,3.6620601,0.791044776
syn-0378,val,cal,False,chitchat,chitchat,0.985862076,0.992522895,5.94216394,5.95640277,-28.560747,0.989424546,0.986136156,-32.897671,0.86264098,0.835645696,1.02133766,0.753731343
syn-0385,val,cal,False,knowledge_base,document_processing,0.797161877,0.830878496,4.45209408,4.67879157,-79.8395177,0.800197611,0.77896828,-36.9637134,0.85312352,0.808217095,-1.29527265,0.268656716
syn-0388,val,cal,False,knowledge_base,knowledge_base,0.619923055,0.652751625,3.54090595,4.01906584,-99.2162498,0.763918917,0.740321216,-35.7727512,0.839868499,0.816456866,-6.72663006,0.126865672
syn-0391,val,cal,False,ai_agent_performance,ai_agent_performance,0.984787405,0.991887867,5.90827417,5.92360367,-18.3282233,0.992620271,0.990560963,-23.7359358,0.909375671,0.86257958,7.02215671,0.791044776
syn-0393,val,cal,False,chitchat,chitchat,0.983198941,0.990945697,5.81129694,5.82824074,-32.2300471,0.984858566,0.977899982,-25.1064333,0.902841753,0.861640316,0.639924065,0.634328358
syn-0408,val,cal,False,document_processing,document_processing,0.835656226,0.873632193,4.28280354,4.46234151,-102.945692,0.769076992,0.749574076,-26.0535925,0.885643945,0.869063605,-4.25885901,0.141791045
syn-0409,val,cal,False,shipment_information.realtime_query,shipment_information.realtime_query,0.985399246,0.99213326,6.0732832,6.0879916,-42.9251516,0.961463575,0.954854252,-21.7106199,0.895871638,0.879879097,3.43366164,0.679104478
syn-0413,val,cal,False,shipment_information.disruptions,shipment_information.disruptions,0.982121468,0.990263999,5.84775686,5.86579717,-47.8155861,0.96520351,0.96083494,-30.1313692,0.897283757,0.853343921,1.05043269,0.544776119
syn-0435,val,cal,False,shipment_information.realtime_query,shipment_information.realtime_query,0.991056502,0.995502472,6.37416983,6.38315356,-18.235034,0.993280791,0.991065481,-26.4992493,0.91837857,0.877676179,6.24403796,0.955223881
syn-0437,val,cal,False,customer_support,customer_support,0.817573428,0.856113493,4.47487593,4.67629049,-101.86193,0.756169982,0.735941023,-25.9371796,0.882761004,0.864127369,-5.08933817,0.186567164
syn-0452,val,cal,False,shipment_information.realtime_query,shipment_information.realtime_query,0.988910973,0.994283736,6.20580339,6.21695433,-26.4544727,0.985564419,0.97920359,-22.6638226,0.899448884,0.877988881,5.82532232,0.858208955
syn-0453,val,cal,False,appointment_manager,appointment_manager,0.924919248,0.947473168,5.05359602,5.13164485,-78.2605647,0.860620224,0.827003284,-24.6881683,0.927313448,0.865412518,-0.618450526,0.335820896
syn-0460,val,cal,False,shipment_information.analytics,shipment_information.analytics,0.988876998,0.994241416,6.36474895,6.37593428,-37.1699784,0.979258435,0.973076908,-25.3454623,0.890836246,0.856332555,1.10617853,0.78358209
syn-0001,test,eval,False,appointment_manager,appointment_manager,0.984340131,0.991587341,5.92987633,5.94566011,-37.5253544,0.976057958,0.970229261,-26.3714099,0.876876427,0.867717036,3.68978651,0.641791045
syn-0012,test,eval,False,customer_support,customer_support,0.984006286,0.991406024,6.05584717,6.07197014,-33.5149729,0.978504999,0.974356234,-28.0326193,0.898463786,0.862649242,1.91224949,0.73880597
syn-0021,test,eval,False,shipment_information.analytics,shipment_information.analytics,0.983831108,0.991289854,6.02848434,6.04478536,-56.6783488,0.945326044,0.94110078,-24.3917745,0.876813022,0.873603752,1.81098589,0.611940299
syn-0030,test,eval,False,appointment_manager,appointment_manager,0.980857074,0.98948729,5.76269579,5.78202434,-45.4650456,0.960182872,0.952127379,-24.7086873,0.877595145,0.862838335,3.18799498,0.492537313
syn-0047,test,eval,False,ai_agent_performance,ai_agent_performance,0.974076331,0.984978735,5.62124968,5.64751526,-51.7520197,0.957115275,0.940095122,-30.9359592,0.869550484,0.832886735,3.61304274,0.470149254
syn-0060,test,eval,False,knowledge_base,knowledge_base,0.952546597,0.97074914,5.06518459,5.11380085,-74.1979008,0.91435896,0.906094318,-34.2402885,0.848679863,0.83818404,-2.2540995,0.350746269
syn-0078,test,eval,False,document_processing,customer_support,0.861550927,0.893183291,4.64444065,4.79346173,-102.22012,0.808042468,0.776546928,-28.714966,0.872092716,0.866007199,-4.95792708,0.186567164
syn-0088,test,eval,False,ai_agent_performance,ai_agent_performance,0.973722398,0.984945834,5.48548222,5.51211121,-48.681698,0.95960289,0.947835701,-29.0259071,0.903560388,0.856339134,2.94876935,0.447761194
syn-0089,test,eval,False,document_processing,document_processing,0.984188735,0.991473556,6.04397917,6.05991678,-29.8903087,0.98302986,0.974679921,-26.4488049,0.874768478,0.845156705,3.24856603,0.76119403
syn-0092,test,eval,False,yard_management,yard_management,0.98492825,0.991908252,6.08890963,6.10409612,-31.1109984,0.98390636,0.976682721,-23.7953676,0.931507429,0.898913665,3.77957373,0.776119403
syn-0099,test,eval,False,chitchat,chitchat,0.985603869,0.992371082,5.91853905,5.93303982,-27.4217255,0.990652963,0.986507433,-29.9346881,0.894156686,0.875671333,-0.579689747,0.731343284
syn-0110,test,eval,False,shipment_information.disruptions,shipment_information.disruptions,0.945841908,0.965542674,5.08130789,5.13698771,-76.1237813,0.867037268,0.855979666,-24.7172762,0.892874743,0.879853152,0.383405647,0.358208955
syn-0115,test,eval,False,shipment_information.realtime_query,shipment_information.realtime_query,0.988475502,0.99404192,6.1654954,6.17708683,-32.0994003,0.981153165,0.974662993,-30.0134301,0.866954957,0.837405241,3.75569997,0.798507463
syn-0116,test,eval,False,knowledge_base,knowledge_base,0.62758106,0.650901616,4.06653595,4.53241836,-83.745338,0.824324278,0.792915535,-37.7450654,0.825434984,0.814915386,-4.30952611,0.223880597
syn-0126,test,eval,False,other,other,0.971017599,0.983211994,5.27852058,5.30793128,-69.9064012,0.942192773,0.936292084,-37.7483335,0.799852596,0.790698832,-4.22408994,0.380597015
syn-0131,test,eval,False,document_processing,document_processing,0.935712278,0.955372989,5.39037657,5.45682383,-66.7101005,0.907381296,0.891376072,-31.6309163,0.858345407,0.85015946,-2.04149896,0.402985075
syn-0132,test,eval,False,document_processing,ai_agent_performance,0.547885537,0.561540008,4.11099339,4.71268226,-101.225189,0.745089916,0.726176942,-27.7803631,0.890741124,0.841948358,-0.0439324156,0.194029851
syn-0157,test,eval,False,knowledge_base,knowledge_base,0.866903067,0.894525468,4.88955975,5.03238783,-58.7181472,0.907152177,0.883719551,-34.9705559,0.812901744,0.80320712,-0.343266386,0.388059701
syn-0180,test,eval,False,appointment_manager,appointment_manager,0.844121575,0.880291581,4.30892277,4.4783815,-100.113457,0.754650514,0.740418553,-27.8516608,0.886197847,0.857572965,-4.89330762,0.156716418
syn-0212,test,eval,False,shipment_information.realtime_query,shipment_information.realtime_query,0.988792121,0.994213283,6.22297812,6.23424925,-30.9730165,0.984440639,0.978850987,-28.2812755,0.882640223,0.852672783,3.75700668,0.820895522
syn-0214,test,eval,False,customer_support,document_processing,0.714112401,0.763761342,3.79100633,4.12772124,-108.177674,0.703026313,0.661164272,-27.8820684,0.892170036,0.864576128,-4.14337681,0.0895522388
syn-0216,test,eval,False,customer_support,customer_support,0.979815483,0.988507628,6.05717754,6.07756858,-45.7982393,0.969508607,0.955855188,-32.1882745,0.866954337,0.858596343,1.12761878,0.634328358
syn-0220,test,eval,False,chitchat,chitchat,0.985627294,0.992406666,5.90789557,5.92237256,-23.4709682,0.993497529,0.989396168,-29.1787006,0.930776017,0.877548952,0.1956872,0.746268657
syn-0227,test,eval,False,shipment_information.analytics,shipment_information.analytics,0.986082494,0.992623925,6.16719532,6.18121057,-48.741569,0.965592986,0.958908578,-30.6857322,0.846600971,0.835108641,0.68297541,0.656716418
syn-0231,test,eval,False,ai_agent_performance,ai_agent_performance,0.982809067,0.990680039,5.80431604,5.82165649,-24.4636522,0.988973959,0.984937299,-23.256577,0.901250676,0.879709723,4.61944242,0.671641791
syn-0235,test,eval,False,shipment_information.analytics,shipment_information.analytics,0.980294406,0.988983631,5.97830677,5.99820911,-50.1192964,0.937616683,0.933088312,-25.638887,0.878819644,0.864860415,1.7276748,0.604477612
syn-0238,test,eval,False,document_processing,document_processing,0.980435312,0.989190042,5.8886776,5.90843618,-44.0524649,0.962564653,0.954844117,-31.3772777,0.86549547,0.847175248,1.38448625,0.589552239
syn-0245,test,eval,False,knowledge_base,knowledge_base,0.983968079,0.991378248,5.94992685,5.96608868,-28.3386382,0.986121156,0.979677216,-26.4560411,0.90216083,0.839683095,5.86858092,0.753731343
syn-0256,test,eval,False,yard_management,yard_management,0.730459929,0.771474838,3.99862599,4.31270689,-106.282509,0.714229534,0.681325255,-26.8573377,0.893718179,0.862063689,-3.90811417,0.104477612
syn-0266,test,eval,False,other,other,0.982679546,0.990633249,5.70187426,5.71934643,-36.4842481,0.978467545,0.974499127,-45.9334561,0.780462519,0.751338033,0.465428607,0.559701493
syn-0277,test,eval,False,shipment_information.realtime_query,shipment_information.realtime_query,0.984948397,0.991914332,6.00861168,6.0237777,-38.8230401,0.966905532,0.960974346,-24.4610898,0.887973392,0.883647798,2.63535756,0.686567164
syn-0287,test,eval,False,shipment_information.analytics,shipment_information.analytics,0.990276217,0.995074511,6.41383934,6.4236107,-28.6144394,0.987299902,0.984472336,-26.0312607,0.898272213,0.874448488,4.88954022,0.873134328
syn-0309,test,eval,False,document_processing,document_processing,0.966366589,0.979048431,5.71381474,5.74802679,-47.5765601,0.963072415,0.924061755,-26.9949383,0.885866528,0.850543962,2.34808099,0.492537313
syn-0315,test,eval,False,customer_support,customer_support,0.984665453,0.991757452,6.12204075,6.13749406,-35.1094124,0.984835862,0.973025511,-21.9607234,0.977488619,0.862987008,1.74127147,0.746268657
syn-0317,test,eval,False,shipment_information.disruptions,shipment_information.disruptions,0.97348851,0.984871507,5.53721809,5.56408738,-61.7395789,0.932748238,0.924897199,-26.2063617,0.921248242,0.869398046,0.618386108,0.425373134
syn-0319,test,eval,False,shipment_information.realtime_query,shipment_information.realtime_query,0.982611716,0.990515411,5.88004398,5.89758522,-50.2924871,0.952796722,0.947602039,-23.5143945,0.893946999,0.87690108,1.44830246,0.529850746
syn-0320,test,eval,False,customer_support,customer_support,0.985374868,0.992236376,6.13723946,6.1519726,-21.9215446,0.99108227,0.988773315,-24.274792,0.900496308,0.871807908,4.01744236,0.865671642
syn-0331,test,eval,False,shipment_information.disruptions,shipment_information.disruptions,0.964345634,0.977911949,5.5721612,5.60846667,-59.9254186,0.932105379,0.914235984,-32.4281095,0.865570743,0.818578634,0.687061097,0.432835821
syn-0337,test,eval,False,knowledge_base,knowledge_base,0.975160182,0.985742748,5.6517005,5.676854,-44.3139549,0.971371383,0.964121286,-35.4542622,0.826313874,0.797067917,0.994333979,0.507462687
syn-0342,test,eval,False,ai_agent_performance,ai_agent_performance,0.978626132,0.987974703,5.71816349,5.7397691,-37.7467398,0.974047455,0.953701768,-26.2328423,0.930915287,0.841498799,4.00375438,0.544776119
syn-0344,test,eval,False,appointment_manager,appointment_manager,0.983087003,0.990823448,5.90116262,5.91822031,-43.424724,0.961584017,0.951434562,-27.1977303,0.871759661,0.853357635,2.68763868,0.597014925
syn-0347,test,eval,False,appointment_manager,appointment_manager,0.988284826,0.993918419,6.18024969,6.19203405,-22.8712448,0.993096482,0.98690689,-24.0345264,0.892881802,0.874408772,7.20927444,0.858208955
syn-0361,test,eval,False,yard_management,yard_management,0.90659672,0.934319317,4.89978695,4.99784451,-80.9913016,0.814715266,0.798400914,-27.8811126,0.901605646,0.841886002,-2.08909573,0.268656716
syn-0362,test,eval,False,chitchat,chitchat,0.986737549,0.993046284,5.99025869,6.00360989,-14.2586604,0.995860769,0.994260167,-26.3079571,0.9407377,0.886491892,4.36726924,0.865671642
syn-0365,test,eval,False,chitchat,chitchat,0.977691829,0.987609148,5.48938465,5.51194539,-51.4857551,0.965963053,0.951392514,-33.1953358,0.860182142,0.829229479,-4.45929758,0.447761194
syn-0387,test,eval,False,shipment_information.realtime_query,shipment_information.realtime_query,0.961586654,0.976507902,5.4171443,5.45631488,-70.2281015,0.888146,0.876363102,-29.0782757,0.890978955,0.860957067,-0.406767795,0.395522388
syn-0389,test,eval,False,shipment_information.analytics,shipment_information.analytics,0.972370982,0.983912289,5.69741201,5.7254299,-72.7119842,0.914808683,0.905388449,-35.7634681,0.833175874,0.819448516,-4.68913051,0.425373134
syn-0390,test,eval,False,other,other,0.960853338,0.97662288,4.98946238,5.02939586,-71.9217648,0.914222603,0.906932972,-36.6157265,0.821007394,0.796041828,-5.38907543,0.350746269
syn-0394,test,eval,False,knowledge_base,knowledge_base,0.96884793,0.981250286,5.58839226,5.6200399,-32.1256466,0.990922745,0.939809293,-27.7566909,0.915798221,0.820622858,5.17397911,0.604477612
syn-0395,test,eval,False,shipment_information.realtime_query,shipment_information.realtime_query,0.990344942,0.995096743,6.3233428,6.33304479,-22.651484,0.988517191,0.986858137,-26.8199641,0.876044067,0.864280175,5.15982504,0.895522388
syn-0398,test,eval,False,customer_support,customer_support,0.780278265,0.809812307,4.82894945,5.07705411,-93.7908223,0.8271745,0.776731819,-27.2554138,0.904567178,0.875010789,-3.66549546,0.26119403
syn-0400,test,eval,False,chitchat,chitchat,0.98337698,0.99107343,5.77919722,5.79595995,-41.1589558,0.978104796,0.975054864,-35.4609448,0.858244991,0.82893501,-1.88592067,0.544776119
syn-0404,test,eval,False,shipment_information.disruptions,shipment_information.disruptions,0.978177071,0.987823248,5.71429777,5.73636235,-55.7738292,0.94898605,0.941240023,-29.7647487,0.893850632,0.865031433,1.57329779,0.470149254
syn-0412,test,eval,False,shipment_information.realtime_query,shipment_information.realtime_query,0.975369155,0.985810757,5.72338009,5.74831935,-60.9511398,0.924195792,0.91992379,-26.080991,0.909947653,0.881647973,0.123811015,0.462686567
syn-0424,test,eval,False,other,other,0.820535481,0.864087284,3.74342394,3.94122206,-121.060107,0.747255495,0.735385775,-35.3979268,0.842323724,0.826063751,-12.7427953,0.0746268657
syn-0438,test,eval,False,shipment_information.analytics,shipment_information.analytics,0.937027812,0.957085848,5.29957008,5.36461241,-72.3437078,0.84983946,0.84356523,-25.5054038,0.878831398,0.862415177,1.05514748,0.388059701
syn-0442,test,eval,False,appointment_manager,appointment_manager,0.973428905,0.984475791,5.66717482,5.69410528,-61.7194385,0.928270043,0.916421543,-31.1799104,0.877048172,0.830577843,0.447254495,0.455223881
syn-0446,test,eval,False,appointment_manager,appointment_manager,0.498243719,0.536785364,2.86736107,3.56402701,-134.674613,0.607889206,0.549999831,-31.2213409,0.839539317,0.829883641,-4.41507746,0.0373134328
syn-0462,test,eval,False,shipment_information.disruptions,shipment_information.disruptions,0.940763474,0.961018205,5.10081387,5.16187737,-85.1226213,0.874764171,0.86422981,-31.107398,0.871684481,0.851407226,-2.11317322,0.313432836
syn-0466,test,eval,False,ai_agent_performance,ai_agent_performance,0.977578998,0.987345815,5.65404797,5.67672415,-42.574752,0.970960425,0.960599473,-28.4088335,0.9150839,0.852638062,3.66553798,0.52238806
syn-0467,test,eval,False,shipment_information.analytics,shipment_information.analytics,0.984969676,0.991990507,6.07751608,6.09266053,-58.5050992,0.955304188,0.951785882,-28.4051699,0.871963282,0.855898429,2.45140859,0.619402985
syn-0470,test,eval,False,yard_management,yard_management,0.97833854,0.987810373,5.84179401,5.86369352,-47.462175,0.947358571,0.936013447,-32.7780077,0.877183773,0.843132471,1.76666252,0.537313433
syn-0475,test,eval,False,shipment_information.realtime_query,shipment_information.realtime_query,0.98921603,0.994435191,6.23433542,6.24517795,-35.9879697,0.975762772,0.968559129,-27.2802881,0.89530357,0.852088125,1.44132101,0.76119403
syn-0479,test,eval,False,shipment_information.analytics,shipment_information.analytics,0.988971591,0.994328201,6.29801369,6.30910336,-42.3164079,0.972715997,0.97014973,-25.5767753,0.911014476,0.870911753,4.18645826,0.746268657
syn-0483,test,eval,False,yard_management,yard_management,0.956809938,0.973216116,5.35358381,5.3977343,-75.9888319,0.87265091,0.867753727,-34.3077702,0.840246582,0.822343966,-4.60009195,0.380597015
syn-0494,test,eval,False,ai_agent_performance,ai_agent_performance,0.984791398,0.991887212,5.90714121,5.92246662,-19.6507357,0.993546936,0.989143794,-28.0693338,0.854605788,0.84969688,5.62746875,0.776119403
syn-0500,test,eval,False,yard_management,yard_management,0.977772117,0.987265229,5.89240646,5.91488512,-49.3641838,0.955270133,0.941201845,-27.4206699,0.875181934,0.868129713,1.88309491,0.552238806
syn-0007,train,eval,True,orders,shipment_information.analytics,0.906372309,0.934255719,4.86988401,4.96818911,-98.9501805,0.772124756,0.760840189,-31.8504464,0.868647015,0.841528912,-1.38621766,0.223880597
syn-0013,train,eval,True,orders,shipment_information.realtime_query,0.921896338,0.946113169,4.99668694,5.07800942,-98.3206413,0.811811898,0.802867295,-28.4411453,0.901233112,0.839419715,-2.86121508,0.246268657
syn-0015,train,eval,True,orders,shipment_information.analytics,0.78588903,0.825589716,4.28106022,4.52199993,-108.745543,0.708699369,0.691699799,-24.4293489,0.889049599,0.875950182,-2.66354353,0.134328358
syn-0020,train,eval,True,orders,document_processing,0.813162506,0.856112719,4.19235611,4.39918044,-103.618178,0.73154312,0.71788011,-34.591142,0.850673119,0.835518712,-3.4881925,0.111940299
syn-0028,test,eval,True,orders,document_processing,0.877666056,0.913385928,4.40806675,4.53855584,-89.9227507,0.799454342,0.773299298,-31.8613307,0.878719893,0.854311931,-1.90163834,0.223880597
syn-0064,val,eval,True,orders,shipment_information.realtime_query,0.757875621,0.79573679,4.25034523,4.52758123,-103.222071,0.71200737,0.698918294,-35.3103132,0.828004688,0.819306131,-2.95429805,0.149253731
syn-0066,test,eval,True,orders,shipment_information.analytics,0.982788801,0.990569174,6.03072548,6.04808649,-58.774986,0.938434612,0.932418199,-26.5301592,0.883487128,0.864614252,0.739985324,0.604477612
syn-0071,train,eval,True,orders,shipment_information.realtime_query,0.45217222,0.472076327,3.25815392,4.05184608,-116.348228,0.572015569,0.54277308,-29.6181871,0.862925702,0.846049534,-4.84238982,0.0820895522
syn-0096,test,eval,True,orders,shipment_information.analytics,0.9895944,0.994685471,6.3538599,6.36432,-39.8193459,0.980121467,0.976925116,-22.4834149,0.90197042,0.880341575,3.90767419,0.76119403
syn-0104,test,eval,True,orders,document_processing,0.859542966,0.895749927,4.48492622,4.63628067,-95.0838906,0.799523442,0.766100337,-28.881999,0.893583868,0.85440568,-2.26301452,0.194029851
syn-0117,train,eval,True,orders,customer_support,0.764531076,0.800163388,4.40771198,4.67620457,-109.324943,0.754953675,0.728409227,-28.827828,0.865456339,0.850392499,-6.72826251,0.156716418
syn-0119,val,eval,True,orders,shipment_information.realtime_query,0.976739049,0.986828387,5.68336916,5.70690491,-60.7866693,0.921289549,0.913961203,-24.4088581,0.902818974,0.87262196,1.03027431,0.462686567
syn-0124,train,eval,True,orders,shipment_information.realtime_query,0.374139726,0.387777805,2.95456171,3.93768763,-117.490445,0.570902302,0.541684142,-27.9189219,0.884553384,0.863437759,-4.59181291,0.0746268657
syn-0130,val,eval,True,orders,shipment_information.analytics,0.987458646,0.993438125,6.24797726,6.2605979,-48.5570266,0.961775412,0.958735924,-28.1751893,0.89971637,0.853440546,2.10616578,0.686567164
syn-0136,train,eval,True,orders,appointment_manager,0.808708787,0.852496803,4.00768995,4.22000632,-110.930233,0.707866493,0.686501937,-25.912703,0.896679543,0.869960365,-2.7633664,0.104477612
syn-0156,train,eval,True,orders,shipment_information.analytics,0.516733527,0.554165483,3.15924716,3.81947516,-118.671469,0.528631962,0.513563462,-30.4162489,0.876150295,0.858501284,-5.22352508,0.0671641791
syn-0170,train,eval,True,orders,shipment_information.realtime_query,0.430359751,0.455901474,2.93794084,3.78107466,-129.271966,0.512320339,0.506428318,-36.1648478,0.832882797,0.821389994,-6.25982975,0.0671641791
syn-0171,val,eval,True,orders,shipment_information.analytics,0.988433123,0.993977249,6.34657764,6.35821193,-36.6348415,0.975225577,0.972264265,-26.7875303,0.882142688,0.861876985,2.88998926,0.78358209
syn-0182,train,eval,True,orders,shipment_information.analytics,0.738312423,0.77638036,4.27372742,4.57711562,-99.3773982,0.706973341,0.691904869,-26.7901114,0.871102674,0.853123319,-3.55210497,0.171641791
syn-0199,test,eval,True,orders,knowledge_base,0.728902698,0.771079659,4.03246212,4.34867718,-101.205585,0.729539151,0.688690029,-33.3077819,0.842031063,0.830753995,-2.81479639,0.126865672
syn-0217,train,eval,True,orders,shipment_information.realtime_query,0.613467395,0.660547137,3.28472757,3.77335577,-117.294464,0.635575417,0.591888859,-29.3956836,0.884215452,0.832278232,-6.4825715,0.0671641791
syn-0223,train,eval,True,orders,shipment_information.realtime_query,0.490433902,0.530180156,2.93263912,3.64510392,-132.240542,0.518863751,0.50928135,-35.141345,0.862382099,0.821949557,-5.1809284,0.0447761194
syn-0226,train,eval,True,orders,shipment_information.realtime_query,0.968094945,0.980343461,5.62877321,5.66119831,-65.0861882,0.914032688,0.900044928,-26.5182685,0.889874122,0.87895725,0.789388636,0.440298507
syn-0228,train,eval,True,orders,customer_support,0.926371634,0.947707772,5.3150773,5.39155707,-86.7300668,0.880836754,0.847832565,-31.7891615,0.893826935,0.83275563,-5.8949014,0.335820896
syn-0239,train,eval,True,orders,shipment_information.realtime_query,0.687423766,0.719578147,4.17154312,4.54634743,-109.657594,0.709657959,0.685871144,-34.7171299,0.849125215,0.822146195,-5.63702754,0.141791045
syn-0240,train,eval,True,orders,document_processing,0.979627073,0.9887079,5.85894966,5.87953296,-48.4101899,0.972502271,0.952260908,-32.8136951,0.849829191,0.841769299,2.29323669,0.529850746
syn-0248,train,eval,True,orders,shipment_information.realtime_query,0.986520231,0.992876351,6.10386467,6.11743612,-54.6812537,0.953837309,0.946673911,-28.6091253,0.871790751,0.856236714,0.281193286,0.634328358
syn-0268,train,eval,True,orders,document_processing,0.888588369,0.920792937,4.5673399,4.68546111,-93.0283243,0.80905165,0.793430604,-34.2387814,0.861202208,0.824267318,-3.43393119,0.23880597
syn-0276,train,eval,True,orders,shipment_information.realtime_query,0.91078788,0.939443231,4.61473703,4.70818229,-101.264603,0.778668353,0.770654627,-33.1948582,0.851129874,0.82941442,-3.90367536,0.194029851
syn-0332,train,eval,True,orders,appointment_manager,0.456890851,0.478977799,3.09710908,3.88041984,-120.486214,0.574489303,0.542475025,-28.2219722,0.876342082,0.861832864,-4.95696918,0.0746268657
syn-0334,train,eval,True,orders,document_processing,0.653537393,0.696420729,3.67998433,4.10533985,-107.719254,0.672570122,0.656899084,-32.4176001,0.87590036,0.839860773,-6.16067112,0.0895522388
syn-0346,train,eval,True,orders,shipment_information.realtime_query,0.490623206,0.525447011,3.16943693,3.88151581,-124.749342,0.556866165,0.542509355,-36.1205622,0.842536389,0.832433449,-9.26402951,0.0746268657
syn-0369,train,eval,True,orders,knowledge_base,0.580831468,0.604436696,3.78548431,4.328779,-100.134351,0.709190082,0.689502738,-30.2074606,0.859476556,0.845312056,-2.97607809,0.134328358
syn-0371,train,eval,True,orders,shipment_information.realtime_query,0.937279224,0.956685245,5.20897198,5.27374602,-73.3122151,0.863651179,0.852942282,-24.1510566,0.887313843,0.87783879,-0.0870510697,0.365671642
syn-0407,val,eval,True,orders,customer_support,0.755024791,0.79885,3.91399384,4.1949985,-104.919269,0.742443688,0.702620259,-29.8015417,0.873606234,0.856169514,-6.67204522,0.111940299
syn-0432,train,eval,True,orders,shipment_information.realtime_query,0.892381907,0.922969937,4.67169523,4.78555631,-94.4145758,0.797500194,0.774312091,-25.513168,0.885819842,0.87511841,-2.46987071,0.223880597
syn-0434,test,eval,True,orders,shipment_information.realtime_query,0.314055085,0.332960308,2.23081303,3.38899994,-140.191451,0.411195041,0.376414485,-28.8825337,0.861258718,0.847488525,-5.66322769,0.00746268657
syn-0436,train,eval,True,orders,document_processing,0.912195504,0.940218568,4.80057526,4.89247622,-83.2408661,0.844786931,0.817627304,-33.1329317,0.847884338,0.836896968,-1.04296443,0.253731343
syn-0439,val,eval,True,orders,shipment_information.analytics,0.987661302,0.993527949,6.2573266,6.26974204,-44.246764,0.967258604,0.964259667,-27.9912026,0.888783327,0.866306281,1.31976632,0.723880597
syn-0441,test,eval,True,orders,shipment_information.realtime_query,0.880712032,0.914136052,4.39327431,4.52029885,-104.574788,0.739624345,0.734744702,-29.4370841,0.877385817,0.858678942,-4.0277527,0.141791045
syn-0445,train,eval,True,orders,shipment_information.analytics,0.990344405,0.995090604,6.45294094,6.46264346,-26.8243859,0.987413662,0.982891787,-26.1265766,0.921042354,0.883505835,3.62980832,0.910447761
syn-0458,train,eval,True,orders,shipment_information.realtime_query,0.972485781,0.984009027,5.63771105,5.66561089,-70.0328279,0.903850719,0.896196432,-28.8828966,0.876571387,0.857350584,0.867317464,0.417910448
syn-0468,val,eval,True,orders,document_processing,0.30796355,0.319877118,2.56521773,3.7429916,-132.26878,0.50346098,0.470382953,-31.6821447,0.861925479,0.850271147,-5.26127328,0.0597014925
syn-0487,train,eval,True,orders,shipment_information.analytics,0.984303772,0.991528511,6.07557154,6.09139225,-55.2057069,0.952409073,0.947522573,-28.534238,0.871157901,0.858315623,0.434603975,0.619402985
syn-0492,train,eval,True,orders,shipment_information.realtime_query,0.930509686,0.952298343,5.10400152,5.17602431,-81.5778915,0.839799674,0.828534649,-25.4883932,0.892405294,0.867496399,-2.31812037,0.313432836
