id,fold_seed,model_seed,fold,gold,pred,prob_0,prob_1,prob_2,prob_3,prob_4,prob_5,prob_6,prob_7,prob_8,prob_9,prob_10,prob_11
syn-0003,0,2,0,2,2,0.000743395765,0.000334938348,0.995039999,0.000542685972,0.000423148333,0.000415726652,0.000314441248,0.00060845277,0.000389575434,0.000303726003,0.000363073224,0.000520821894
syn-0004,0,2,0,10,10,0.000473645021,0.000375056145,0.000347482768,0.000414203154,0.000226637276,0.000263312249,0.00035265609,0.000329370465,0.000516122149,0.000835379469,0.995404541,0.000461588264
syn-0006,0,2,0,7,10,0.00528255617,0.026992986,0.00648346636,0.00219291751,0.00111984147,0.00402472075,0.00229601841,0.363480031,0.0151267415,0.048015371,0.515681446,0.00930390507
syn-0008,0,2,0,8,8,0.000342606159,0.000252462924,0.000258244836,0.000122654208,0.000231337079,0.000490801584,0.000417437725,0.000535466301,0.996438026,0.000358676771,0.000297210412,0.000255079154
syn-0011,0,2,0,10,10,0.000663319486,0.00116641319,0.000478812202,0.000442065211,0.000215113701,0.00044344549,0.000314766803,0.00051973213,0.000614481978,0.00232409732,0.992150962,0.000666794134
syn-0015,0,2,0,6,6,0.000274439924,0.000904141867,0.000259663531,0.000464500772,0.000441279059,0.00050163886,0.995184064,0.000266118994,0.000554087339,0.000291028089,0.000518896792,0.000340157014
syn-0016,0,2,0,9,9,0.00048331212,0.000679934863,0.000248866272,0.000705209619,0.000282020977,0.000335574237,0.000409204047,0.00033452487,0.000592932978,0.993028879,0.00209177821,0.000807766977
syn-0017,0,2,0,3,3,0.00028598943,0.000267254334,0.000817300985,0.994964957,0.000573214376,0.000503607327,0.000606642396,0.000364156091,0.000152939261,0.000765226549,0.000381862774,0.000316828315
syn-0020,0,2,0,6,6,0.000251461606,0.000445843994,0.000268755655,0.000532158883,0.000433556852,0.000559634645,0.995461524,0.000328865106,0.000469783467,0.000289393123,0.000623117958,0.00033591644
syn-0034,0,2,0,0,0,0.994717896,0.000279606582,0.000603274908,0.000407837157,0.000761372037,0.000295090518,0.000522425282,0.000440222997,0.000470108556,0.000351160095,0.000749288534,0.000401731202
syn-0044,0,2,0,2,2,0.000637772726,0.000319216779,0.995061874,0.000597898499,0.000381829683,0.000354166259,0.000338752521,0.000720027601,0.000357661833,0.000319194747,0.000431101362,0.000480519608
syn-0049,0,2,0,8,8,0.000341422478,0.000279100612,0.000234568754,0.000120103141,0.000207707519,0.000476881483,0.000333355623,0.000446724385,0.996624708,0.000401481404,0.00031223931,0.000221728696
syn-0052,0,2,0,4,4,0.007899235,0.000598077313,0.000406703446,0.000525585783,0.985390127,0.00161107036,0.000371128001,0.00104006531,0.000436324568,0.000468560262,0.000568990887,0.000684143626
syn-0053,0,2,0,10,10,0.000451488013,0.000474500208,0.000309371448,0.000342485058,0.000468899059,0.00022438333,0.000424366444,0.00030164991,0.000274551247,0.00034571538,0.995940149,0.000442434568
syn-0055,0,2,0,3,3,0.000310058007,0.000310769945,0.000779887429,0.994949758,0.000600670697,0.000481853116,0.000586162845,0.000299949228,0.000169242601,0.000778843823,0.000420463941,0.000312343589
syn-0063,0,2,0,1,1,0.000306571717,0.995681942,0.000318620994,0.000260471919,0.000249269244,0.000396141462,0.000692315749,0.000363235129,0.000348248461,0.000477953814,0.000411836692,0.000493372208
syn-0069,0,2,0,11,11,0.000827147858,0.0538527556,0.0010844057,0.000811550475,0.00180859165,0.00100319274,0.000999814016,0.000612162868,0.000791303231,0.00158504129,0.00342422212,0.933199823
syn-0072,0,2,0,0,0,0.995261371,0.000321210333,0.000641094754,0.000357818179,0.000556022569,0.000346444926,0.00031912906,0.000404887396,0.000537400309,0.000467118167,0.000470332801,0.000317140686
syn-0073,0,2,0,11,11,0.000348595262,0.00156148535,0.000424494239,0.000381899386,0.000580606633,0.000491238723,0.000414166163,0.000393038208,0.000306285277,0.000391742738,0.000582050241,0.994124413
syn-0077,0,2,0,2,2,0.000649655878,0.000355789351,0.995023668,0.000671197195,0.000384544634,0.000369481102,0.000410567154,0.000626633002,0.000380995072,0.000276972336,0.000357464654,0.000493036583
syn-0081,0,2,0,10,10,0.000758837094,0.00114651618,0.00033798907,0.000417559553,0.00034837937,0.000353517535,0.000419865974,0.000149421918,0.000922666222,0.00128985778,0.992508709,0.00134667777
syn-0084,0,2,0,5,5,0.000404689577,0.000585225585,0.000361868297,0.000662799284,0.000589270669,0.994610369,0.000409778353,0.000661254569,0.000537667773,0.000361149752,0.000386518834,0.00042941331
syn-0090,0,2,0,5,5,0.00277648401,0.00046605902,0.000350680813,0.000525432522,0.00244457554,0.98748523,0.000996807241,0.00213466282,0.00125041825,0.000388293702,0.000407393818,0.000773987093
syn-0093,0,2,0,5,5,0.000361853075,0.00166837941,0.000332589145,0.000537994027,0.000865061651,0.988624096,0.00473816087,0.000439533644,0.000792703999,0.000309811963,0.00056539441,0.000764447963
syn-0098,0,2,0,10,10,0.000504207856,0.000617713085,0.000292935554,0.000390407105,0.000338465004,0.000224347808,0.000213844323,0.000387603795,0.000389575085,0.000332353258,0.995737016,0.000571526354
syn-0101,0,2,0,3,3,0.000303709676,0.000322906883,0.000789568527,0.99509865,0.000708710169,0.000452812907,0.000519727822,0.000322973065,0.000160956595,0.000605269335,0.000371161354,0.000343576568
syn-0109,0,2,0,3,3,0.000415315299,0.000352080446,0.00073768117,0.991508543,0.000765181263,0.000429038191,0.000640169659,0.000368608802,0.000196145833,0.00356415519,0.000634479627,0.000388591056
syn-0120,0,2,0,3,3,0.000306064321,0.000294680445,0.00067748694,0.994753599,0.000681298261,0.000358380115,0.000576953171,0.00036865045,0.000182848278,0.000943759864,0.000548883108,0.00030737411
syn-0121,0,2,0,9,9,0.000418815296,0.00107167626,0.000315870799,0.000674167532,0.000264364498,0.000299820909,0.000314966397,0.000389058841,0.00049615727,0.994606853,0.000343131804,0.000805122661
syn-0139,0,2,0,1,1,0.000293344521,0.995757103,0.00027914549,0.000293314457,0.000319200102,0.000365515414,0.000531608239,0.000395708863,0.000404095859,0.000522238843,0.000417423958,0.00042128432
syn-0148,0,2,0,7,7,0.00269820378,0.00215858081,0.00277753011,0.00252488046,0.00539444713,0.0142725445,0.0018579223,0.878302574,0.0336274132,0.00339614577,0.0435765795,0.00941316225
syn-0155,0,2,0,4,4,0.00060199725,0.000371789443,0.000388579268,0.000417033822,0.994938552,0.000515511725,0.000466653262,0.000604519562,0.000543191913,0.000276564824,0.000405205792,0.000470391416
syn-0158,0,2,0,1,1,0.000301465683,0.995645165,0.000279098604,0.000268709118,0.000252398924,0.00034388146,0.000731548353,0.000373205025,0.00039399066,0.000441221287,0.000452901091,0.000516416563
syn-0166,0,2,0,5,5,0.00138693606,0.000662004226,0.000336461118,0.000470862258,0.00122498942,0.992865503,0.000598011247,0.000479711831,0.00066404033,0.000330493378,0.00042684318,0.000554125058
syn-0169,0,2,0,4,4,0.00104655558,0.000315155252,0.000321760803,0.000510983285,0.995113015,0.000504561875,0.000338565413,0.000547454285,0.000248656434,0.00032775107,0.000296105136,0.000429444161
syn-0173,0,2,0,8,8,0.000365115731,0.000342351472,0.000203545642,0.000118545773,0.000219361435,0.000464018027,0.000877126644,0.000338229671,0.996225893,0.000367654196,0.000280732027,0.000197450441
syn-0175,0,2,0,11,11,0.000887094298,0.00331051229,0.00100277248,0.000852377212,0.000866388902,0.0011404109,0.00067235966,0.000580750639,0.000778601971,0.00114608044,0.0353951678,0.953367472
syn-0196,0,2,0,4,4,0.00178874435,0.000331364485,0.000388646324,0.000530805788,0.99420315,0.000395818555,0.000340605679,0.000587435381,0.000332970551,0.000336091412,0.000347711757,0.00041666333
syn-0223,0,2,0,6,10,0.00222906098,0.00345132384,0.000869582407,0.00154545298,0.00133214577,0.00265959348,0.0349613614,0.000573885918,0.0541777536,0.00179013249,0.895101309,0.00130838179
syn-0230,0,2,0,9,9,0.000482455245,0.000690334302,0.000277144543,0.00047174393,0.000226710603,0.000303299807,0.00033021954,0.000646083616,0.000572439225,0.99473238,0.000612346572,0.000654834847
syn-0233,0,2,0,8,8,0.000340547325,0.000356634439,0.000220447269,0.000123088423,0.000206298748,0.000415994611,0.000445309677,0.000261973735,0.996352851,0.000333026604,0.000676539727,0.000267285708
syn-0241,0,2,0,1,1,0.000738425646,0.99148196,0.000371091213,0.000666199601,0.00255313376,0.000495955348,0.000543216709,0.000463183591,0.000519360416,0.000996361836,0.000341021194,0.00083006639
syn-0246,0,2,0,8,8,0.000733275607,0.00517005892,0.000355332217,0.000219971073,0.000332056195,0.000877075596,0.0046237316,0.000307762093,0.985670805,0.000521828188,0.000768644153,0.000419435761
syn-0248,0,2,0,6,6,0.000305685709,0.00100701768,0.000312626682,0.000672846567,0.000528510369,0.000516703178,0.991224766,0.000343446067,0.000442439487,0.000289217132,0.00387722999,0.000479496754
syn-0249,0,2,0,8,8,0.000428205734,0.000272379257,0.000246133568,0.000131222288,0.000306241011,0.000565471244,0.000332066003,0.000996392337,0.995655596,0.000442721212,0.000362333289,0.000261257868
syn-0252,0,2,0,8,8,0.00038215224,0.000462474185,0.000244677824,0.00014199935,0.000239616769,0.000400895311,0.000631420873,0.000254043553,0.994773686,0.000376367068,0.00180910924,0.000283542875
syn-0254,0,2,0,7,11,0.0135903973,0.0650968179,0.0105404425,0.00240761461,0.0096577974,0.0175973792,0.0140470071,0.0318917371,0.143286109,0.0192270689,0.115429588,0.557228029
syn-0270,0,2,0,10,10,0.000520029338,0.00123352499,0.000287085364,0.000287041476,0.000195257293,0.000196743349,0.000615651079,0.000196685054,0.000526796153,0.000467508624,0.994918883,0.00055480015
syn-0273,0,2,0,0,0,0.994475245,0.000588789466,0.000591018703,0.000370187365,0.00066506915,0.000404444028,0.000442740769,0.000364913052,0.000701096898,0.000316123158,0.000711836736,0.000368546345
syn-0274,0,2,0,9,9,0.000406845822,0.000595813675,0.000306378148,0.000478325092,0.0003212007,0.000327196816,0.000280684995,0.000514815503,0.000494667562,0.99463135,0.00094856706,0.000694140093
syn-0275,0,2,0,0,0,0.994912028,0.000305230409,0.000592119875,0.000423436344,0.000696703384,0.000326707202,0.000402288104,0.000369879039,0.000452736858,0.000485897093,0.000708606211,0.000324363325
syn-0276,0,2,0,6,10,0.00068611576,0.00110024994,0.000492168241,0.000744305959,0.000922223495,0.00032205903,0.0117634479,0.000552572077,0.000588663155,0.000717269373,0.981140852,0.000970052497
syn-0284,0,2,0,0,0,0.994674563,0.00032793748,0.000659008336,0.00034698844,0.000538582797,0.000300683023,0.000424174796,0.000355608965,0.000646819943,0.000515779539,0.00080532534,0.000404533988
syn-0296,0,2,0,3,3,0.000333775592,0.00026154847,0.000854255166,0.994267642,0.000741158903,0.000719145406,0.000518928689,0.000283917034,0.000194182692,0.00119696825,0.0003287484,0.000299755775
syn-0302,0,2,0,10,10,0.000432748086,0.000398354285,0.00031985002,0.000405889616,0.00032690345,0.000170199011,0.000553765916,0.000313003198,0.000418209849,0.000320505205,0.996076524,0.000264038157
syn-0304,0,2,0,1,1,0.000272745092,0.994975924,0.000303578563,0.000309177063,0.000347572961,0.000379592238,0.000861920998,0.000386705331,0.000345225213,0.000358454738,0.000692380418,0.000766719226
syn-0311,0,2,0,9,9,0.000408462569,0.00120344677,0.000268479256,0.000860176282,0.000339853141,0.000287990784,0.000438271323,0.000401473459,0.000410714332,0.993361413,0.000542467518,0.00147723337
syn-0316,0,2,0,0,0,0.989944816,0.000601683976,0.000618302322,0.000639727339,0.00200095377,0.00291552511,0.000450514228,0.000269503886,0.00074577023,0.00049935776,0.000792649342,0.00052116724
syn-0318,0,2,0,11,11,0.000716369832,0.00150438177,0.000723110104,0.000586051086,0.00110241072,0.000477178924,0.00069520442,0.000270453253,0.000504828291,0.00146986602,0.00444025546,0.987509906
syn-0328,0,2,0,10,10,0.000437106093,0.000395996758,0.000322227541,0.000401538768,0.000285829505,0.00022961988,0.000321658503,0.00031796348,0.000484635908,0.00036368228,0.996142626,0.00029713937
syn-0332,0,2,0,6,6,0.000285790418,0.000565065653,0.00027943129,0.000627599191,0.000522677612,0.000389000634,0.994334817,0.000289573509,0.000471229636,0.000271295576,0.00163982331,0.0003236747
syn-0345,0,2,0,7,7,0.000528417702,0.000622817199,0.00053796015,0.000324052089,0.00069434836,0.000983245904,0.000329591508,0.993740261,0.000728951884,0.000561725115,0.000536201638,0.000412418914
syn-0354,0,2,0,8,8,0.000372509967,0.000273556449,0.000232361592,0.000121312813,0.000230279489,0.000519355061,0.000398977078,0.000439834024,0.996477306,0.000403293001,0.000260785018,0.000270438788
syn-0356,0,2,0,8,8,0.000390393572,0.000386849133,0.000240751193,0.000111824149,0.000205247372,0.000426469516,0.00034307965,0.000413853239,0.996616364,0.000290135649,0.000354711665,0.000220323782
syn-0357,0,2,0,3,3,0.000401356257,0.000286564202,0.0007811705,0.994573116,0.000694755174,0.000531637052,0.000630453578,0.000361929007,0.000272253645,0.000768035708,0.000425565086,0.000273190555
syn-0371,0,2,0,6,6,0.000218117304,0.000737864582,0.000268019852,0.00055055035,0.000404085877,0.000324781577,0.995285511,0.000260300207,0.000436697999,0.000271868601,0.000849822769,0.000392360205
syn-0372,0,2,0,1,1,0.000441815471,0.995315969,0.000266608753,0.000276684033,0.000481542957,0.000429194333,0.000473407737,0.000371273956,0.000450997584,0.000580103311,0.000353347481,0.00055908435
syn-0380,0,2,0,4,4,0.00157434482,0.000810078403,0.000503314193,0.000619373925,0.979365826,0.0131512107,0.000489540689,0.00105785346,0.00078808656,0.000421645673,0.000575847051,0.000642876024
syn-0382,0,2,0,0,0,0.99518919,0.000280847977,0.000625939225,0.00036252776,0.000550813682,0.000298651488,0.000389616645,0.000393202034,0.000470494881,0.000454390945,0.000605983194,0.000378354132
syn-0383,0,2,0,2,2,0.000725548074,0.00033054722,0.995034158,0.000597538427,0.000359276746,0.000358337187,0.000306262285,0.000732432294,0.0003421453,0.000317792059,0.000379281264,0.000516694738
syn-0419,0,2,0,1,1,0.000300247746,0.995208621,0.000282382302,0.000291236589,0.000337358855,0.000311906188,0.000481708063,0.00038127508,0.000384065992,0.000429759297,0.000998084317,0.000593334902
syn-0421,0,2,0,10,10,0.000396567542,0.000964259263,0.000283234986,0.000695668918,0.000312994496,0.00037432072,0.000498816487,0.000296653452,0.000396781543,0.00166683597,0.993615508,0.000498377369
syn-0425,0,2,0,5,5,0.0005573089,0.000973919115,0.000401811296,0.000647770823,0.00094215665,0.992277265,0.000540469191,0.000304817338,0.000829644734,0.000431988534,0.00079134258,0.00130152015
syn-0448,0,2,0,4,5,0.000466055004,0.000429245789,0.000411478424,0.000600853469,0.00104745128,0.994083643,0.000647694862,0.000494729378,0.000596236205,0.000377748511,0.00030803174,0.000536810083
syn-0452,0,2,0,10,10,0.000407388783,0.000350815157,0.000354583695,0.000440057862,0.00027358238,0.000242596085,0.000704473699,0.000355455646,0.000603327178,0.000449922722,0.995458066,0.000359731988
syn-0454,0,2,0,11,11,0.000402369071,0.000901876541,0.000463350007,0.000421204633,0.000853492995,0.000471332634,0.000384117302,0.000354922231,0.000366094609,0.000704975624,0.00196412392,0.99271214
syn-0455,0,2,0,2,3,0.00437086122,0.0176115017,0.258111984,0.478707194,0.00776610477,0.00202314975,0.0240414646,0.0406804942,0.00500243483,0.150564805,0.00308964006,0.00803036243
syn-0457,0,2,0,9,9,0.000346378773,0.000888289243,0.000299290812,0.000585232745,0.000297677849,0.000317051599,0.000311541109,0.000536299136,0.000373981515,0.99475646,0.000442685501,0.000845102069
syn-0459,0,2,0,5,5,0.187095851,0.163427562,0.00289960275,0.00347628584,0.0715401396,0.286932409,0.0340735763,0.00354991457,0.232174665,0.00584261678,0.00549066858,0.00349670486
syn-0480,0,2,0,1,1,0.000446587248,0.988764942,0.000340130471,0.000607048685,0.000506394252,0.000599017774,0.0014055511,0.000263863738,0.000504367286,0.000790348917,0.00113632425,0.00463543832
syn-0487,0,2,0,6,6,0.000333549367,0.000555653882,0.000302617031,0.000512582832,0.00055540324,0.000439740601,0.995099545,0.000285850081,0.000875196303,0.000267535128,0.000445366313,0.000326945999
syn-0489,0,2,0,11,1,0.00159716699,0.673232138,0.00155955239,0.00161192997,0.00263057346,0.00307264691,0.00221087947,0.00107002526,0.00211682636,0.00217139674,0.0443668924,0.264359981
syn-0495,0,2,0,2,2,0.000695272756,0.000379606267,0.994756818,0.00068256259,0.000394955656,0.000479220413,0.000319192768,0.000701086596,0.000376562326,0.000339358987,0.000345056469,0.000530322548
syn-0496,0,2,0,8,8,0.000336409634,0.000420089986,0.000222396702,0.000123021702,0.000183831959,0.000390721572,0.0004987297,0.000291620236,0.996420264,0.000342071347,0.000555022212,0.000215839842
syn-0497,0,2,0,5,5,0.000688847969,0.00287259952,0.00029845853,0.000321333937,0.00056862057,0.989659011,0.000513001054,0.00101208908,0.00153811392,0.000514907006,0.000856308325,0.00115670403
syn-0498,0,2,0,7,7,0.000628601469,0.000420615397,0.000851226505,0.000464394165,0.0008052552,0.00107247301,0.000558838132,0.992373645,0.00127471588,0.000414661306,0.000718839583,0.000416731898
syn-0013,0,2,1,6,6,0.000202539653,0.000566044881,0.000258103275,0.000455166388,0.000333827425,0.000487257174,0.99587357,0.000327192247,0.000467211386,0.000265907031,0.000460837502,0.000302351022
syn-0018,0,2,1,3,6,0.000281062152,0.000506985642,0.000344902452,0.00454250444,0.00172130216,0.000721336633,0.989603996,0.000505162869,0.000496165827,0.000513445877,0.000249739882,0.000513387495
syn-0031,0,2,1,0,0,0.994818747,0.000361717248,0.000630741823,0.000483538402,0.000708988286,0.000361307204,0.00027020555,0.00047046633,0.000442899182,0.000518258254,0.00057434343,0.000358772813
syn-0032,0,2,1,4,4,0.000779805356,0.000419035961,0.000421312172,0.000565205119,0.994654715,0.000394687842,0.000685079547,0.0006223034,0.00029826854,0.000383360835,0.000266257266,0.000509956386
syn-0037,0,2,1,8,8,0.000346390501,0.000492939202,0.000192845502,0.000124999322,0.000245206262,0.000457513437,0.000359501864,0.00027739114,0.995620787,0.000637902645,0.00096464518,0.000279863219
syn-0041,0,2,1,10,9,0.00215676008,0.00179561332,0.00142634637,0.00367929647,0.00106965599,0.000931754475,0.0013756894,0.00212010811,0.00313163362,0.599110007,0.38123849,0.00196463801
syn-0042,0,2,1,9,9,0.000373219285,0.000529640471,0.000326667068,0.000931649411,0.000374421274,0.000328125898,0.00039025693,0.0005950224,0.000377059856,0.994955659,0.000317258469,0.000501012837
syn-0045,0,2,1,9,9,0.0032870837,0.00435857009,0.00111099973,0.0110946661,0.00193056173,0.00100124325,0.00332541135,0.00104436558,0.00189320173,0.825300694,0.143207878,0.00244530197
syn-0046,0,2,1,8,8,0.00577934459,0.00118331762,0.000432514527,0.000120622368,0.000471267878,0.000837489613,0.000893918215,0.000813751307,0.985805094,0.00254450017,0.000317444064,0.000800747133
syn-0057,0,2,1,8,8,0.000590911834,0.000451908418,0.000224253774,0.000128099346,0.000306787086,0.000503372692,0.000324974128,0.000462404423,0.994305611,0.000389602006,0.00189743831,0.000414662936
syn-0059,0,2,1,3,3,0.000323280517,0.000281502231,0.000628789247,0.995089889,0.000527473865,0.000506253564,0.000604195753,0.000335440942,0.000157489092,0.000890930067,0.000414954236,0.000239795074
syn-0070,0,2,1,2,2,0.000631786417,0.000338814163,0.994846463,0.000777491543,0.000456330483,0.000315625512,0.000322693464,0.000719983829,0.000339766877,0.000346138491,0.00036221926,0.000542714901
syn-0071,0,2,1,6,6,0.000236823762,0.00035956307,0.000304334768,0.000656268967,0.000523191353,0.000403800252,0.995916188,0.000348134723,0.00044710582,0.000259339431,0.000284190988,0.000261074078
syn-0076,0,2,1,5,5,0.00135353161,0.000619053957,0.00034386653,0.000646862725,0.0011950878,0.993102193,0.000441043085,0.000465687481,0.000721663935,0.000401325407,0.000303004432,0.000406694162
syn-0079,0,2,1,1,1,0.000452552573,0.99279511,0.000241060392,0.000412145891,0.000246882963,0.00158757239,0.000914766628,0.000336280587,0.000863839465,0.000468104525,0.00097011216,0.000711594999
syn-0086,0,2,1,10,10,0.000515878783,0.000415437855,0.000304601097,0.00036752937,0.000215844615,0.000211735998,0.000342374842,0.000421391131,0.000221581198,0.000311045267,0.996179223,0.00049336045
syn-0087,0,2,1,5,5,0.0012178343,0.00178693736,0.00031994615,0.000347222376,0.000798122666,0.977034092,0.00223314762,0.00360053545,0.00746240048,0.000617353828,0.00296670268,0.00161569426
syn-0091,0,2,1,4,4,0.000637358928,0.000365371583,0.000454054534,0.000676015625,0.994832754,0.000358876219,0.000525034848,0.000575265556,0.000260004454,0.000419414922,0.000320019666,0.000575846003
syn-0111,0,2,1,3,3,0.000355319586,0.000385661813,0.000878597377,0.994988918,0.000597365084,0.000483681535,0.000451796921,0.000314843288,0.000161394782,0.000684169587,0.000411039568,0.000287241593
syn-0118,0,2,1,5,5,0.000455977541,0.000340843864,0.000395344774,0.000598978135,0.000536381733,0.99498409,0.000539049332,0.0005201897,0.000524081173,0.00030316686,0.000345531909,0.000456342823
syn-0128,0,2,1,2,2,0.00068096444,0.000348944479,0.994884431,0.000790739723,0.000415667455,0.000338485639,0.000313530501,0.000596104015,0.000336692057,0.000347449677,0.000416055875,0.000530935766
syn-0130,0,2,1,6,8,0.00035147465,0.000378637691,0.000220639413,0.000118325348,0.000238853681,0.000522427494,0.00119152339,0.000361769431,0.995641351,0.000310765201,0.000466429105,0.000197810063
syn-0133,0,2,1,2,2,0.000709469256,0.000366716238,0.994266868,0.000718827359,0.000421751582,0.000346316141,0.000294856844,0.00105431187,0.000336233323,0.000436324655,0.000472520856,0.000575788086
syn-0134,0,2,1,5,5,0.00471168337,0.000790060614,0.00105351501,0.00101462577,0.0013373571,0.917385638,0.000997233437,0.065029256,0.00357237575,0.00149111694,0.0012779946,0.00133915024
syn-0146,0,2,1,10,10,0.000509606441,0.000347481924,0.000302505126,0.000416403374,0.000237332919,0.000147934377,0.000670174253,0.000324077293,0.00023878667,0.000286374881,0.996270061,0.0002492801
syn-0147,0,2,1,0,0,0.994648814,0.000345472159,0.000619899947,0.000575997401,0.000570166623,0.000347779569,0.000329545641,0.000358825346,0.000506606244,0.000647658424,0.000725657155,0.000323563174
syn-0151,0,2,1,10,10,0.0036857347,0.00888139848,0.00237315102,0.00258999411,0.0012474173,0.00363457249,0.0116573172,0.00103495352,0.00289282412,0.00404158514,0.479036152,0.4789249
syn-0167,0,2,1,0,0,0.994860172,0.00025439763,0.000678803714,0.000422826968,0.000617941434,0.000323249318,0.000331566058,0.000457639544,0.000506779063,0.000470589992,0.000765369972,0.000310644158
syn-0181,0,2,1,10,10,0.00073962193,0.00134151161,0.000404959777,0.000564078626,0.000395962794,0.000270985183,0.00115034368,0.000352855481,0.00539585389,0.000436374336,0.988538623,0.000408858003
syn-0187,0,2,1,3,3,0.000364455074,0.000283440633,0.00085610745,0.995080709,0.000651011709,0.000396159274,0.000536442909,0.000264594273,0.000139574026,0.000752367661,0.000425660255,0.000249472447
syn-0191,0,2,1,4,4,0.000611731317,0.000435262191,0.000399193581,0.000829097291,0.994095743,0.000349276525,0.0010743048,0.000561224821,0.000258961809,0.000429151405,0.000397438242,0.000558595289
syn-0202,0,2,1,10,10,0.000649721769,0.000391602691,0.000374988478,0.000390896632,0.000249212142,0.000210101483,0.000234961946,0.000756402267,0.000558951288,0.00067121,0.994791389,0.000720577897
syn-0213,0,2,1,0,0,0.994537652,0.00034766586,0.000713344489,0.000467627717,0.000673419214,0.000318920036,0.000365547428,0.000370776921,0.000563633686,0.000546567608,0.000758082839,0.000336770318
syn-0222,0,2,1,8,8,0.000366343971,0.000296563812,0.000225195865,9.16147619e-05,0.000260756351,0.000457109505,0.000374776835,0.00042895411,0.996445119,0.000372002862,0.000412868074,0.000268675212
syn-0232,0,2,1,8,8,0.000430053595,0.000720220502,0.000187891506,0.000102493657,0.000255418825,0.000567947805,0.00035835465,0.000362495339,0.995223463,0.0012103077,0.000284239126,0.000297130726
syn-0236,0,2,1,11,11,0.00212158007,0.001014682,0.000625641493,0.000430429965,0.00116442086,0.000926987617,0.000679434859,0.000355922035,0.00259888847,0.0010856241,0.00102200999,0.987974405
syn-0237,0,2,1,4,4,0.000869284442,0.000365423941,0.000418671465,0.000565254712,0.994677544,0.000361960643,0.000459093309,0.000613676908,0.000267163181,0.000495781715,0.000396357762,0.000509792764
syn-0264,0,2,1,0,0,0.994743407,0.000248717493,0.000578660984,0.000403219106,0.000637748861,0.000511408783,0.000251343095,0.000576551131,0.000556471059,0.000440181349,0.000643712468,0.000408590684
syn-0267,0,2,1,4,4,0.00171371922,0.000373855029,0.000406946783,0.000482695003,0.994126976,0.000689342385,0.000350050163,0.000490004139,0.000323557819,0.000298678788,0.000282968511,0.000461211603
syn-0268,0,2,1,6,6,0.000275052153,0.000451252621,0.000292559445,0.000568049669,0.00130846712,0.000459797535,0.994570673,0.000270135119,0.000548200274,0.00031792323,0.000477452413,0.000460440526
syn-0271,0,2,1,2,2,0.000994082075,0.000373078743,0.992649198,0.00108267076,0.000373812567,0.000449354004,0.000356347533,0.000847706106,0.000443277269,0.000642318744,0.00105333095,0.000734808797
syn-0272,0,2,1,3,3,0.00230788602,0.000919764512,0.00236653374,0.977202952,0.00273014628,0.000430173211,0.0074544088,0.000957048847,0.000421373261,0.00157328334,0.00271858415,0.000917847152
syn-0279,0,2,1,0,0,0.994935393,0.000248654338,0.000608773611,0.000407962245,0.000571869081,0.000388341316,0.000270452118,0.00048912724,0.000556407031,0.000429698033,0.000723093806,0.000370215683
syn-0281,0,2,1,10,10,0.00254191342,0.0118833492,0.0006157998,0.00103062927,0.000429473148,0.00378046418,0.0044012405,0.000847328163,0.0598521121,0.00169026526,0.911510825,0.00141657575
syn-0283,0,2,1,7,7,0.000359340513,0.000397913042,0.00117843354,0.000580563617,0.000982731464,0.000675499032,0.000337313744,0.993293941,0.000411645626,0.000535489235,0.000698330288,0.000548787357
syn-0294,0,2,1,1,1,0.00034419389,0.994945705,0.00030964546,0.000342003419,0.000408868975,0.00102802424,0.000486595003,0.000371894654,0.000405008439,0.000471682259,0.000355955039,0.000530399557
syn-0295,0,2,1,10,10,0.000465270627,0.000505437783,0.000278595515,0.000396077085,0.000217963505,0.000210457118,0.00103535259,0.000211761901,0.000262744667,0.000329232833,0.995505989,0.00058110198
syn-0297,0,2,1,11,11,0.000528196339,0.000861700042,0.000562332745,0.000405938015,0.000779714785,0.000665021129,0.000362798542,0.00035917433,0.000287249743,0.000377340853,0.000558288419,0.994252264
syn-0298,0,2,1,7,7,0.000424155238,0.000363507483,0.000625995162,0.000409434986,0.000829845318,0.00102516054,0.000428877393,0.993855059,0.000798464054,0.000396451011,0.000461297925,0.000381750579
syn-0308,0,2,1,3,3,0.000367390894,0.000294999336,0.00066026079,0.995201468,0.000576250255,0.000363113097,0.000729572086,0.000256664498,0.000172665488,0.000671168964,0.000461630349,0.000244839437
syn-0313,0,2,1,11,11,0.00163927255,0.0100658238,0.00188878924,0.00126214046,0.000942482031,0.00641005673,0.0193524417,0.00182360166,0.00238696113,0.00167804933,0.0113705397,0.941179812
syn-0314,0,2,1,8,8,0.000360794191,0.000286261318,0.000236418084,0.000103045066,0.000253991049,0.000411232613,0.000313628349,0.00044924338,0.996658027,0.000374697207,0.000332686293,0.000219952883
syn-0325,0,2,1,4,4,0.00114839117,0.000419430988,0.000352849282,0.0054782033,0.985835612,0.00179340004,0.00134753075,0.000681174337,0.000454340188,0.00129864214,0.00042740113,0.000763027288
syn-0336,0,2,1,0,0,0.994479895,0.000312191696,0.000627575326,0.000465589459,0.000624083448,0.000757103495,0.000255167164,0.000479955837,0.000554123078,0.00051815575,0.000600214349,0.000325961621
syn-0343,0,2,1,8,8,0.000810531608,0.00032040794,0.000262238551,0.000150701264,0.000350215647,0.000586265291,0.000316269055,0.00177963777,0.991226792,0.00215398101,0.00133551587,0.000707438739
syn-0346,0,2,1,6,6,0.000207078338,0.000449116604,0.000282544643,0.000792848121,0.000536303967,0.000341359293,0.995719492,0.00038218507,0.000426047278,0.000315794139,0.000260553235,0.00028667826
syn-0348,0,2,1,9,9,0.000487815938,0.000463922421,0.00029368751,0.000551587087,0.000289969757,0.00025225553,0.000395354436,0.00061396783,0.000743650889,0.995099485,0.000419867923,0.00038843081
syn-0358,0,2,1,2,2,0.000699015567,0.000480824703,0.994034171,0.000577935309,0.000408003078,0.000353973417,0.000345233973,0.00110426871,0.000421003992,0.000480999151,0.00036128881,0.000733308028
syn-0366,0,2,1,9,9,0.000818249828,0.000393518334,0.000403879269,0.00114218972,0.000297176332,0.000395698065,0.000458437367,0.000614590826,0.000566104252,0.992913961,0.00156191865,0.000434275047
syn-0369,0,2,1,6,6,0.000516051135,0.00763925351,0.000380116486,0.000905014866,0.000996116782,0.0112024667,0.974594295,0.000585861271,0.00113345438,0.000494257722,0.000979391625,0.000573704194
syn-0370,0,2,1,9,9,0.000354798307,0.000517714245,0.000319122773,0.000625543646,0.000355622557,0.000260151137,0.000308529881,0.000561167253,0.000414908776,0.995202065,0.000305569032,0.000774792279
syn-0373,0,2,1,11,11,0.000489157042,0.00070013298,0.000512799597,0.000408062973,0.000692232046,0.000545459101,0.000305245921,0.000279824744,0.000245814619,0.000616545731,0.000413569127,0.99479115
syn-0374,0,2,1,8,8,0.000412001857,0.000392205897,0.00023896643,0.000137826166,0.000267958501,0.000420821452,0.000661714119,0.000203043353,0.996020198,0.000391036039,0.000606719113,0.00024750852
syn-0381,0,2,1,8,8,0.000540162029,0.000288317038,0.000309945171,0.000122447018,0.000370936643,0.000429228472,0.000285665301,0.000805824355,0.994892836,0.000612031668,0.000976533513,0.000366068649
syn-0396,0,2,1,3,3,0.000322530861,0.000252058293,0.000876678678,0.995072126,0.000605459383,0.000419421471,0.000588406634,0.000304260058,0.000173125576,0.000712608162,0.000438028044,0.000235287895
syn-0397,0,2,1,1,1,0.000302621891,0.995576859,0.000355190772,0.00031213669,0.000259778404,0.000369291316,0.000595739926,0.000398868113,0.000284758396,0.000500016846,0.000428196421,0.000616557954
syn-0401,0,2,1,11,11,0.000398842152,0.00189714006,0.000560592103,0.000555439736,0.000621860905,0.000730657892,0.000341801962,0.00039693978,0.000313380704,0.000535797502,0.000891773554,0.992755771
syn-0406,0,2,1,4,4,0.106252171,0.000844208407,0.00127800775,0.00301469257,0.877897739,0.00075408339,0.00148618908,0.00119793986,0.000917821832,0.00136170711,0.0033332007,0.00166226656
syn-0415,0,2,1,1,11,0.000599061546,0.00418859441,0.000583469111,0.000394488248,0.00115215289,0.00124336663,0.000560318178,0.000461252494,0.00278068776,0.0010312784,0.000545637158,0.986459672
syn-0416,0,2,1,2,2,0.000623872387,0.000323666871,0.994977355,0.000668660272,0.000499807647,0.000339982798,0.000314731151,0.000669317378,0.000335188146,0.000308191869,0.000412209862,0.00052701938
syn-0426,0,2,1,10,10,0.000397858938,0.000491319865,0.000483429292,0.000508692465,0.000202610521,0.000255761988,0.000664144871,0.00156968657,0.00044131279,0.000380323618,0.994021118,0.000583758461
syn-0427,0,2,1,5,5,0.00282358425,0.00291212206,0.0012088099,0.00257172855,0.180557013,0.797499061,0.00415339973,0.00128661375,0.00267209532,0.00109241763,0.0013649282,0.00185822649
syn-0439,0,2,1,6,6,0.000277082872,0.000567911135,0.00031219286,0.000418024632,0.000357068231,0.000422651385,0.995710611,0.000296307058,0.000753329543,0.000269622309,0.000314291043,0.000300915824
syn-0443,0,2,1,7,7,0.000732946326,0.000469465682,0.00082799251,0.000524182396,0.00104163727,0.00155385386,0.000311283453,0.990556657,0.00110917829,0.00115518656,0.000822772796,0.000894823635
syn-0444,0,2,1,5,5,0.000474618806,0.00103551731,0.000377699907,0.000840640743,0.0021678328,0.989115715,0.00352091901,0.000408994994,0.000572755875,0.000305407448,0.000266391289,0.000913527561
syn-0449,0,2,1,11,11,0.000428051339,0.000595922407,0.000515973661,0.000581437431,0.000956734293,0.000333103351,0.000402451318,0.000354676478,0.000225142139,0.00108053663,0.000588231895,0.993937731
syn-0453,0,2,1,1,1,0.00344361551,0.836217105,0.00134780013,0.00321407174,0.0850525424,0.00236860407,0.0462227166,0.000904645713,0.00217464892,0.0028270788,0.010296829,0.00593033712
syn-0456,0,2,1,11,11,0.000410550449,0.00135579554,0.000528997509,0.00159063539,0.00229390524,0.000442328688,0.000740825373,0.000377659977,0.0002260162,0.000654767035,0.000670100038,0.990708411
syn-0460,0,2,1,8,8,0.000364776672,0.000256359373,0.000212460131,0.000121064943,0.000226018266,0.000372344948,0.000419399614,0.000641594874,0.996296525,0.000386114232,0.000483661803,0.000219660127
syn-0465,0,2,1,7,7,0.000478797971,0.000484292686,0.000731296081,0.00056781579,0.000781002396,0.000646252884,0.000728647632,0.993296206,0.00056295126,0.000664497784,0.000765863166,0.000292352866
syn-0471,0,2,1,5,5,0.000892121985,0.00207717484,0.000494365406,0.000417151925,0.000908429851,0.985692322,0.00072062196,0.00116613985,0.000991681591,0.000353706942,0.000262470392,0.00602383912
syn-0481,0,2,1,9,9,0.000415536837,0.000507062883,0.000315185491,0.000614418532,0.000343780004,0.000296533486,0.000383407198,0.000689034292,0.00049327733,0.995141685,0.000297962979,0.000502132345
syn-0482,0,2,1,1,1,0.00365383504,0.910373986,0.00142589456,0.00979306828,0.0028377797,0.00191330269,0.0602003857,0.00118917145,0.000616160338,0.00146704295,0.00460224273,0.00192714017
syn-0486,0,2,1,1,1,0.000303010776,0.995378911,0.000330656738,0.000289960764,0.000282610446,0.000384111394,0.000495300512,0.000359296711,0.000433337293,0.000577665225,0.000430692919,0.000734419213
syn-0490,0,2,1,7,7,0.000406928419,0.000479330338,0.000648829795,0.000439050491,0.000867547875,0.000544251292,0.00031338699,0.994178236,0.000494062493,0.000588248193,0.000512530038,0.000527592143
syn-0009,0,2,2,8,8,0.000313906436,0.000612469099,0.000202846379,0.000109022731,0.000192725318,0.000370869908,0.000761740841,0.000249798002,0.996037483,0.000401029829,0.000495585671,0.000252517901
syn-0010,0,2,2,9,9,0.00043603644,0.000825473282,0.000292037439,0.000614858,0.000364781154,0.000274429913,0.000268762931,0.000382216007,0.000499651767,0.994744658,0.000387441425,0.000909655937
syn-0022,0,2,2,10,11,0.00211621565,0.0389682576,0.00193739193,0.00263439352,0.00194271549,0.00231494778,0.00225102832,0.000659226847,0.00130283576,0.00814211462,0.127428159,0.810302734
syn-0026,0,2,2,10,10,0.000434866379,0.000296998915,0.000300163316,0.000422511861,0.000287223607,0.000173248205,0.00070705387,0.000322572159,0.000310086616,0.000285627582,0.996060252,0.000399366603
syn-0038,0,2,2,5,5,0.00144251913,0.000444761419,0.000499187852,0.00124504487,0.00129409181,0.991799593,0.000376570562,0.00073531823,0.000546961324,0.000503664196,0.000324393011,0.000787889468
syn-0039,0,2,2,1,1,0.000489334168,0.995352209,0.00027476481,0.000266510819,0.00034272956,0.000548679382,0.000604669622,0.000379514502,0.000385641819,0.00038630233,0.000302045111,0.000667606655
syn-0048,0,2,2,11,11,0.000520446978,0.000548056385,0.000525314652,0.000362753519,0.00067398278,0.000525015523,0.000339088612,0.000397205295,0.000370481954,0.000801573275,0.000500953116,0.994435132
syn-0050,0,2,2,4,4,0.000769262784,0.00211055065,0.00109003659,0.0165787302,0.971231282,0.000891572854,0.00145002524,0.0017705739,0.000466685771,0.00166314794,0.000259322202,0.00171879702
syn-0085,0,2,2,3,1,0.00118558668,0.971386552,0.00073852815,0.0123885721,0.00096688862,0.00179275114,0.00121335266,0.0004909134,0.000572234974,0.00631904975,0.000889726391,0.00205586385
syn-0094,0,2,2,1,1,0.000283583824,0.994317055,0.000412985479,0.000357222481,0.000244123396,0.000345244276,0.00127267046,0.000455946167,0.000431957946,0.000360498787,0.000702001853,0.000816697197
syn-0097,0,2,2,10,10,0.00051615556,0.000356626755,0.000344604603,0.000450992113,0.00022220047,0.000168656581,0.000529412646,0.000303518231,0.000323572865,0.000425054546,0.995996356,0.000362826861
syn-0103,0,2,2,11,11,0.000817197084,0.0243333522,0.000676475349,0.000637816032,0.0012246822,0.000924423512,0.00209181244,0.000580138818,0.000398305419,0.00143351429,0.001046499,0.96583581
syn-0114,0,2,2,4,3,0.00161181355,0.00287553458,0.00203635194,0.610306382,0.366685838,0.00173575687,0.00366491545,0.00163331861,0.000821390189,0.00490200706,0.00110380049,0.00262287632
syn-0129,0,2,2,11,11,0.000954774674,0.00264307624,0.000571366341,0.000696201809,0.000805077085,0.000703705184,0.000468756305,0.000317676138,0.000612834236,0.0123176873,0.0015262739,0.978382587
syn-0137,0,2,2,8,8,0.000404818449,0.000669218891,0.000166953352,0.000121969184,0.000182449337,0.000468775863,0.000566741161,0.000239952074,0.995851398,0.000329614675,0.000708817912,0.000289276679
syn-0140,0,2,2,11,11,0.0010054158,0.000849185279,0.00069630536,0.000721562363,0.00145659491,0.000876499573,0.000405096769,0.000619164552,0.000626981957,0.0124914814,0.000698081974,0.97955364
syn-0141,0,2,2,2,2,0.000711624802,0.000374093419,0.994944811,0.000685599749,0.000359666505,0.000336095487,0.000292535202,0.000614549674,0.00034965112,0.000328730093,0.000478182308,0.000524447532
syn-0143,0,2,2,1,1,0.00071056647,0.98941046,0.000302495173,0.000309241062,0.000356391713,0.000652638671,0.000931414776,0.00039474736,0.00476605073,0.000783551892,0.000572030665,0.000810425612
syn-0144,0,2,2,9,9,0.00039943491,0.000785917568,0.000330592768,0.000745240541,0.000415600371,0.000291653938,0.000276408769,0.00049681752,0.000442535122,0.994599462,0.00036060618,0.000855716062
syn-0153,0,2,2,4,4,0.00645612413,0.00175491942,0.000671760412,0.000732588524,0.959096491,0.0257373508,0.000674924871,0.00109068595,0.000969254354,0.000817467633,0.000520012691,0.00147842499
syn-0154,0,2,2,1,1,0.000286640978,0.995646596,0.000290892582,0.000281778397,0.000261417474,0.000459559204,0.000633064134,0.000393284718,0.000460031704,0.000501070579,0.000340811443,0.00044486663
syn-0160,0,2,2,5,5,0.000372448238,0.000796980807,0.000414610753,0.000640460989,0.000377068762,0.993725657,0.000650605827,0.00084945932,0.000736403861,0.000302684377,0.000602609245,0.00053099182
syn-0163,0,2,2,4,4,0.000860972272,0.000412770401,0.000479669339,0.000438578398,0.99429971,0.000537577202,0.000379644334,0.000842869806,0.000614408578,0.000402360776,0.000247785181,0.000483679265
syn-0164,0,2,2,8,8,0.00296193734,0.0041084094,0.00124098465,0.00142727012,0.0006206322,0.00214423961,0.0133854942,0.0010605728,0.732810497,0.00203315029,0.235092506,0.00311430427
syn-0165,0,2,2,8,8,0.000484770717,0.000647184148,0.000240934954,0.000178744434,0.000210272774,0.000447732658,0.000914768258,0.000267685828,0.992214799,0.000556222047,0.00342573249,0.000411150511
syn-0171,0,2,2,6,6,0.00029229917,0.000627588131,0.000317115773,0.000569891825,0.000437901384,0.000450967054,0.995280743,0.000406021078,0.000664046558,0.000245634728,0.000359566533,0.000348236441
syn-0172,0,2,2,10,10,0.000490842503,0.000388703891,0.000290649885,0.000435352646,0.000253156177,0.000184689663,0.0018903428,0.000241463335,0.000465432036,0.000293545338,0.994187593,0.000878213905
syn-0178,0,2,2,9,11,0.00578676444,0.0028146652,0.00217676256,0.00402638922,0.00279526971,0.00245631533,0.00236356677,0.00139117311,0.0038035023,0.126244843,0.179600865,0.666539907
syn-0179,0,2,2,1,1,0.000357510813,0.995414793,0.000362699357,0.000263528957,0.000241236819,0.000329795555,0.000698274118,0.000377306715,0.000446435239,0.000491333252,0.000398379139,0.000618721184
syn-0183,0,2,2,4,5,0.00319395214,0.00202182424,0.00132441428,0.00197099778,0.255913556,0.726109087,0.00106891757,0.00269821798,0.00171432202,0.00104462798,0.000845374831,0.00209469884
syn-0186,0,2,2,3,3,0.000433529058,0.000293203018,0.000965970103,0.994611144,0.000653113995,0.000338633545,0.000539203174,0.000331851799,0.000179636219,0.00100088282,0.000316425663,0.000336420868
syn-0188,0,2,2,10,10,0.000584252819,0.0008442002,0.000408270775,0.000656420307,0.000298842584,0.000220201298,0.00441029249,0.000245432835,0.000405039609,0.000321192842,0.990926087,0.00067978783
syn-0193,0,2,2,11,11,0.000373632502,0.000768730766,0.000528135221,0.000368818641,0.000723086589,0.000566061703,0.000409519591,0.000454546505,0.00032349964,0.000430778222,0.000497273752,0.994555891
syn-0197,0,2,2,11,11,0.000808466051,0.00126448111,0.000508330646,0.000499447051,0.00171647849,0.000704295293,0.000428230502,0.000293680234,0.000507273537,0.00112175534,0.000338724174,0.991808832
syn-0210,0,2,2,0,0,0.991571307,0.000544705079,0.000623273896,0.000576423714,0.00301034166,0.000422560348,0.000769910868,0.000532344566,0.000553739548,0.000365408079,0.000406856416,0.000623150438
syn-0218,0,2,2,8,8,0.000456233101,0.000391386828,0.000196369147,0.000109513443,0.000203633041,0.000468957325,0.000599833496,0.000345436769,0.9952631,0.00037619166,0.00129142462,0.000297917228
syn-0225,0,2,2,7,7,0.00313090812,0.00223161373,0.00252138101,0.00213062204,0.00330317137,0.00505253673,0.000848364725,0.89949131,0.00910694711,0.0377693921,0.00843245164,0.025981294
syn-0239,0,2,2,6,6,0.000225902491,0.000438240415,0.000317438884,0.000619818224,0.000419993361,0.00053013349,0.995524049,0.000430787186,0.000508268655,0.000217571491,0.000482004398,0.000285786286
syn-0240,0,2,2,6,4,0.00259145582,0.00100414641,0.000669967616,0.00309702894,0.959270775,0.00215979991,0.026885638,0.000712796114,0.00104239176,0.00136557652,0.000432479661,0.00076793303
syn-0242,0,2,2,0,0,0.994135737,0.0005650401,0.000762022159,0.000433915033,0.000953358016,0.000318383274,0.000363322994,0.000376394863,0.000528664212,0.000633305463,0.000557537947,0.000372298353
syn-0247,0,2,2,3,3,0.000390010886,0.000347167515,0.000745844096,0.994827092,0.000769985723,0.000368262408,0.00053493795,0.000349540496,0.000195581466,0.000811072649,0.000358149584,0.000302378379
syn-0261,0,2,2,5,5,0.000406664243,0.0004608772,0.000342351705,0.000418482436,0.000779260474,0.994745731,0.000635664212,0.000554860977,0.000617509941,0.00026359639,0.00025481492,0.000520208385
syn-0262,0,2,2,10,10,0.000428111292,0.000264456088,0.000310561154,0.00034163837,0.00022346167,0.000195472021,0.000527609722,0.000334303331,0.000305204245,0.000421668461,0.996220946,0.000426541519
syn-0263,0,2,2,0,0,0.993833363,0.000431613502,0.000769899227,0.000467143167,0.00115259166,0.000284775713,0.000449821382,0.000451267522,0.000563965179,0.000579455751,0.000547644391,0.000468448387
syn-0278,0,2,2,9,9,0.00040525911,0.000649602036,0.000266682619,0.0007719649,0.000360736856,0.000282195775,0.000258888322,0.000430399814,0.000411971036,0.994752109,0.000546564872,0.000863617926
syn-0280,0,2,2,0,0,0.994278133,0.000388567743,0.00079400168,0.000434665097,0.000859706604,0.00029652621,0.000437070354,0.000434096903,0.000496381603,0.000484221528,0.000691113586,0.000405522995
syn-0282,0,2,2,7,7,0.00104428909,0.00116380618,0.000641584571,0.000455497997,0.00126699277,0.00184551883,0.000687794527,0.990405917,0.000813136052,0.000702523568,0.000500586873,0.000472339219
syn-0288,0,2,2,9,9,0.000376081647,0.000767457241,0.000277811836,0.000683895079,0.000319831306,0.000288311276,0.000304001704,0.00045835675,0.00044317625,0.994971335,0.000559607521,0.000550130615
syn-0290,0,2,2,0,0,0.980929792,0.000663746498,0.00106953923,0.000638733036,0.0121479845,0.000555845676,0.000511642429,0.000541849062,0.000854397367,0.000671521062,0.000611394295,0.000803577306
syn-0291,0,2,2,1,1,0.000277034123,0.995148182,0.000373886258,0.000285768998,0.000260942703,0.000369171816,0.000933259318,0.000419636781,0.000321197265,0.000460213807,0.000371859409,0.000778861053
syn-0293,0,2,2,0,0,0.980392754,0.000654884381,0.00113665021,0.000828833145,0.00652776891,0.00142215414,0.000841059897,0.000801925547,0.00443642074,0.00118223345,0.000835767249,0.000939573627
syn-0301,0,2,2,3,3,0.00035756221,0.000592804165,0.000809698249,0.993684292,0.00108019635,0.000483885844,0.00111866463,0.000303238281,0.000216841596,0.000552750309,0.000425418984,0.000374656869
syn-0322,0,2,2,2,2,0.00113842462,0.000443135476,0.994287133,0.000637884543,0.000470330328,0.000368727895,0.000320849707,0.00081811042,0.000361534563,0.00030863646,0.000323234417,0.000521987444
syn-0323,0,2,2,7,7,0.000439672207,0.000475081353,0.000764748256,0.000483547337,0.000594945624,0.000836599211,0.000413530594,0.993617117,0.00064920733,0.000589727249,0.000792957202,0.000342882122
syn-0329,0,2,2,8,8,0.000468343875,0.000399644865,0.000271437719,0.000125041959,0.000318785169,0.000370013935,0.00038140433,0.000384946819,0.994885564,0.000638807542,0.00126981933,0.000486201199
syn-0330,0,2,2,0,0,0.984692276,0.00105782005,0.000632574607,0.000957953278,0.00318054017,0.00558577944,0.000869785435,0.000603998022,0.000680432655,0.000720747979,0.000537097978,0.000480964954
syn-0334,0,2,2,6,6,0.00022210578,0.000605959445,0.000275960396,0.000688782602,0.000607869471,0.000505344418,0.995375931,0.000346124958,0.000459790608,0.000253445556,0.000273142388,0.000385531224
syn-0335,0,2,2,3,11,0.000490682723,0.00208015135,0.00047633439,0.000701210753,0.00157377531,0.000705814047,0.000366151042,0.000195907167,0.000298918167,0.00120578788,0.000436873321,0.99146837
syn-0349,0,2,2,5,5,0.00038244843,0.000677026692,0.000362658902,0.000410007691,0.000694441376,0.994270623,0.000461841992,0.000622435822,0.000566006056,0.000287531439,0.000291213975,0.00097376015
syn-0359,0,2,2,4,4,0.000571003708,0.000871022348,0.000506856479,0.000647153414,0.993106425,0.000411215064,0.0012087248,0.000639734964,0.000540143228,0.000563575653,0.000239628644,0.000694522925
syn-0367,0,2,2,4,4,0.000792295439,0.000337302568,0.000411366957,0.000637129531,0.994668007,0.000424882397,0.000710205757,0.000577237806,0.000363595493,0.000404353108,0.000257995154,0.00041564359
syn-0384,0,2,2,1,1,0.000371169997,0.995327175,0.000307584764,0.000244318857,0.000271703204,0.000410001579,0.000747071637,0.000337230827,0.000620893959,0.000459583214,0.000303849985,0.000599412771
syn-0388,0,2,2,5,7,0.00739418389,0.00301887165,0.00219711405,0.00700726081,0.00158324931,0.0769101083,0.0036071192,0.886708796,0.00410427386,0.00295821181,0.00256183324,0.00194897153
syn-0393,0,2,2,2,2,0.00103735086,0.000626134628,0.993818283,0.000813982857,0.000445847982,0.000362143852,0.000411062356,0.000643083535,0.000385538733,0.00032945734,0.00053285528,0.000594248122
syn-0407,0,2,2,6,6,0.000432236789,0.00357189588,0.000969132816,0.0331842713,0.00181045197,0.00144891348,0.955028474,0.00103262113,0.000795823231,0.000537670567,0.000570463366,0.000618031714
syn-0409,0,2,2,10,10,0.000474675413,0.000444349513,0.000293185149,0.000353436539,0.000174945861,0.000147011277,0.000709534157,0.000271798985,0.000316264894,0.000395696523,0.996097326,0.000321760308
syn-0411,0,2,2,2,2,0.000702092599,0.000417816686,0.994654953,0.000932595343,0.0003629977,0.000350466493,0.000286451919,0.000749595114,0.000284037116,0.000524926232,0.00031249813,0.000421590608
syn-0414,0,2,2,5,4,0.000614581513,0.000452102773,0.000445251673,0.000664022926,0.991201222,0.003511257,0.00066486845,0.000781389885,0.00046755583,0.000426510465,0.000275870785,0.000495339918
syn-0417,0,2,2,7,6,0.00182077463,0.00468072761,0.0023797024,0.00243667909,0.0196309853,0.00349448691,0.879435718,0.01773398,0.0107038235,0.00195759162,0.00509991962,0.0506256185
syn-0423,0,2,2,9,9,0.000454605441,0.000425452949,0.000344167842,0.000814081985,0.000373044983,0.000275034399,0.000299757405,0.000756474328,0.000424330879,0.994790614,0.000589497271,0.000452913111
syn-0431,0,2,2,3,3,0.000375345116,0.000315178535,0.000771441963,0.994931877,0.000586508308,0.000357067271,0.000637898163,0.000412877649,0.000201463074,0.000722158758,0.000422517653,0.000265638635
syn-0433,0,2,2,5,5,0.00184356957,0.00230505527,0.0030032529,0.00227257842,0.0108954664,0.499608874,0.00173465256,0.469137043,0.00318832556,0.00221460219,0.00137637672,0.00242021657
syn-0436,0,2,2,6,6,0.000201790579,0.000638351485,0.000319015526,0.000564270129,0.000435335591,0.000423617254,0.995636761,0.000367260043,0.000525052717,0.000260160101,0.00038964898,0.000238751658
syn-0440,0,2,2,1,1,0.000526788179,0.994456708,0.000289207994,0.0002596759,0.000400644174,0.000572993071,0.00076786126,0.000314848759,0.000999972224,0.000401597092,0.000278186984,0.000731508248
syn-0450,0,2,2,10,10,0.000496658322,0.000271512719,0.000380058598,0.000361008482,0.000244410592,0.000151536093,0.00035998135,0.00040322711,0.000304940972,0.000515145017,0.995683849,0.000827697979
syn-0451,0,2,2,8,8,0.0013487509,0.000780763803,0.000298149622,0.000201953357,0.000639885024,0.0096366033,0.000946482003,0.00261045294,0.979274809,0.00136348361,0.00244737719,0.000451313506
syn-0458,0,2,2,6,6,0.000218013767,0.000392313406,0.000300548039,0.000613405602,0.000397325493,0.000465933088,0.995441079,0.000479333277,0.000555391307,0.000215986336,0.000627803616,0.000292874349
syn-0461,0,2,2,2,2,0.000649524387,0.000396456075,0.99495697,0.000628981448,0.000440600066,0.000296222628,0.000313475,0.000706114981,0.000377486343,0.000327894115,0.000339088961,0.000567164447
syn-0463,0,2,2,11,11,0.000400497054,0.000612163334,0.000618769205,0.000380876532,0.000748407154,0.00051003095,0.000361098879,0.000463931152,0.000319875136,0.000511421589,0.000467286038,0.99460566
syn-0472,0,2,2,8,8,0.000382830796,0.000312310352,0.000214699059,0.000101938618,0.000187642669,0.000475409179,0.000428008439,0.000297623454,0.996427,0.000339222519,0.000538148335,0.00029515737
syn-0476,0,2,2,7,7,0.000955234165,0.000448021194,0.000909222814,0.000710559834,0.000986201456,0.0120890075,0.000658215373,0.978230476,0.00221927441,0.00133630889,0.000915459706,0.000542019436
syn-0478,0,2,2,2,2,0.00074455922,0.000373426126,0.993226886,0.000807094213,0.000543385453,0.000299944601,0.000322251697,0.00158637657,0.000443645316,0.000615272671,0.00044703536,0.000590130338
syn-0488,0,2,2,10,10,0.000442825985,0.00026073918,0.000317803962,0.000467408478,0.000293214427,0.000148763429,0.000862649817,0.000243438917,0.00040064429,0.000250451791,0.995881975,0.000430112559
syn-0492,0,2,2,6,6,0.000218391215,0.000487515761,0.000320396415,0.00060810236,0.000346643414,0.000424972241,0.995401561,0.000551455305,0.00056522165,0.000246096402,0.000540239387,0.000289426884
syn-0493,0,2,2,8,8,0.000343416526,0.000255468331,0.000233066603,0.00010957256,0.000235697851,0.000450880907,0.000442038639,0.00031706132,0.996638834,0.000366225897,0.000361116108,0.000246627402
syn-0002,0,2,3,1,1,0.00031189085,0.995729089,0.000297094113,0.000288776879,0.000287069735,0.000405380997,0.000565431546,0.000355797645,0.000343473395,0.000510815997,0.000432502013,0.000472688087
syn-0005,0,2,3,11,11,0.000381299615,0.000814088271,0.000523268653,0.000410900568,0.000706656254,0.000849053031,0.000310510834,0.000333218195,0.000295471429,0.000610565243,0.000438364368,0.994326591
syn-0025,0,2,3,8,8,0.000525536831,0.000395198527,0.000196770125,0.000103960549,0.000202074734,0.000536591513,0.000511775317,0.000268184027,0.996536255,0.00031766991,0.000225433978,0.000180528514
syn-0027,0,2,3,4,4,0.000834098901,0.000344250177,0.000377987395,0.000481659576,0.994650066,0.00095326209,0.000523563824,0.000542413443,0.00036235177,0.000297004939,0.000241738991,0.000391618174
syn-0033,0,2,3,5,5,0.000341303064,0.00151703611,0.000325238565,0.000604252273,0.00105821062,0.992177606,0.00135925738,0.000476089859,0.000699335011,0.000310189032,0.000318421255,0.000813080696
syn-0035,0,2,3,9,9,0.000835370622,0.00323056453,0.000398818025,0.000778334681,0.000719170261,0.000347412744,0.000496750057,0.000399624114,0.00129884318,0.982224882,0.00388015714,0.00539006805
syn-0040,0,2,3,4,4,0.000550517463,0.000435274938,0.000350979128,0.000660898397,0.994925797,0.000686019543,0.000419433927,0.000637222023,0.000222038085,0.000340289786,0.000359182013,0.000412332738
syn-0051,0,2,3,3,3,0.00261211349,0.00132506189,0.00108177657,0.875156581,0.00839736871,0.00230878289,0.00179223577,0.00107400026,0.000636633311,0.102359496,0.00130826968,0.00194770249
syn-0054,0,2,3,5,5,0.000566276547,0.000349108392,0.000244096838,0.000418821146,0.000533823506,0.99473691,0.000602574379,0.000765597622,0.00066513085,0.000287091825,0.000333925942,0.000496614026
syn-0056,0,2,3,8,8,0.000437315583,0.000445811078,0.000202079857,0.000115386843,0.000178238246,0.000363240484,0.000407686864,0.000265810377,0.996667922,0.000274296617,0.000411077694,0.000231153128
syn-0058,0,2,3,9,9,0.000552916375,0.000396652438,0.00031066552,0.000639484613,0.000375890289,0.0002527209,0.000336666242,0.000582408218,0.000989580294,0.994079292,0.00109198352,0.000391732145
syn-0062,0,2,3,7,7,0.000486511271,0.000348341651,0.00113717362,0.00042903042,0.000595363788,0.000803460542,0.000375235511,0.993910193,0.000595826365,0.000485790195,0.000517269189,0.000315804034
syn-0064,0,2,3,6,10,0.000875410857,0.00307197776,0.000684612605,0.00103483582,0.00119894918,0.000506629876,0.0277707018,0.000731256907,0.00122281839,0.000529764337,0.961642087,0.000730926869
syn-0065,0,2,3,11,11,0.0003687602,0.00103038969,0.000454259309,0.000510572456,0.000735530688,0.000625626359,0.000523341063,0.000298846513,0.000220106536,0.000422090059,0.00105842995,0.993752062
syn-0067,0,2,3,5,5,0.000298302213,0.00128438231,0.000344700209,0.00058106432,0.00104462181,0.992584944,0.00145373482,0.000415468094,0.000590119278,0.000267053692,0.000400994701,0.000734598492
syn-0068,0,2,3,10,10,0.00112117222,0.000755838817,0.000574658567,0.000850789016,0.000769434439,0.000340046914,0.000845083909,0.000818816246,0.00142923219,0.00743817678,0.984465778,0.000590950192
syn-0080,0,2,3,3,3,0.000367053028,0.00029990566,0.000607516151,0.994741023,0.000816898188,0.000403796352,0.000639909937,0.000272252946,0.000250528916,0.00098860194,0.000373441522,0.000239044108
syn-0100,0,2,3,2,2,0.000714795373,0.000390381989,0.994960427,0.000604360132,0.000431108288,0.000320999592,0.000349466165,0.000638610625,0.000422096578,0.00029899404,0.000374892872,0.000493849861
syn-0112,0,2,3,4,4,0.00188616046,0.000360788166,0.000360302802,0.000389653898,0.993427932,0.000690218527,0.000465693622,0.000540605746,0.000708721171,0.000498661073,0.000235566724,0.000435678463
syn-0117,0,2,3,6,6,0.000737771741,0.00426581129,0.000699527853,0.00368548487,0.00586077059,0.00120591186,0.949676573,0.000393458526,0.00156343915,0.000655295735,0.0300597772,0.00119616487
syn-0123,0,2,3,10,10,0.000475613022,0.000564901042,0.000315737008,0.000358746125,0.00020913461,0.000155987975,0.000309729337,0.000334170589,0.000453353743,0.000388276967,0.996103466,0.000330894807
syn-0124,0,2,3,6,6,0.00325533981,0.060372714,0.00181085698,0.0139930034,0.0340356641,0.0015213713,0.749344766,0.00120031717,0.00937415194,0.00244111475,0.119913027,0.00273766532
syn-0125,0,2,3,9,9,0.000579437532,0.000711480563,0.000446285936,0.00100063661,0.00031375949,0.000310314965,0.00063068344,0.000627512054,0.00080093334,0.987031221,0.00700245565,0.000545271032
syn-0135,0,2,3,0,0,0.995268583,0.000323601678,0.000645648746,0.00036708542,0.000499332033,0.000268793374,0.000362317078,0.000355780416,0.00050127873,0.000500350667,0.00060396234,0.000303239416
syn-0142,0,2,3,4,4,0.00227932376,0.00148077973,0.00228561694,0.216859356,0.76632458,0.00129920407,0.00238998211,0.00168616499,0.000701544632,0.00292224926,0.000597019098,0.00117418962
syn-0145,0,2,3,2,3,0.00127014332,0.000589470554,0.0226709265,0.968186259,0.00130330387,0.00120795413,0.00087245024,0.000747640443,0.000337538426,0.00171055156,0.000478676287,0.000625090441
syn-0149,0,2,3,8,8,0.000638527388,0.000554101134,0.000202910407,0.000117632546,0.000189506245,0.000441026699,0.000309461582,0.000222793897,0.996014774,0.000484339689,0.000539972447,0.000284964161
syn-0150,0,2,3,3,1,0.000465627585,0.987980306,0.000439890748,0.00519977883,0.000713179412,0.000724661339,0.00120671513,0.000389413821,0.000373896066,0.00130244181,0.000625190616,0.000578870531
syn-0152,0,2,3,3,3,0.0019867979,0.00153756293,0.00252201804,0.680675507,0.300825596,0.00152644562,0.00172882271,0.00203920202,0.000767687627,0.00419196999,0.000856716302,0.00134170358
syn-0159,0,2,3,11,11,0.000371159811,0.000817554188,0.000513354607,0.000431633584,0.000658732955,0.000532408012,0.000412013324,0.000324603112,0.000258884684,0.000386422238,0.000830914476,0.994462311
syn-0162,0,2,3,9,9,0.000609349168,0.000592377735,0.000301012333,0.00055997615,0.000327484566,0.00021551532,0.000321826345,0.000600018771,0.000602885731,0.99485451,0.000432282046,0.000582766952
syn-0168,0,2,3,1,1,0.000387045526,0.99483633,0.000326824927,0.000508548517,0.000236173757,0.000503599527,0.000873375568,0.000290958298,0.0003749358,0.000637735066,0.000734961359,0.000289524411
syn-0170,0,2,3,6,6,0.000527113443,0.00648376485,0.00053236715,0.000683683029,0.000401285099,0.000608290953,0.987802267,0.000361868646,0.000853324251,0.000482440228,0.000668777036,0.000594796671
syn-0174,0,2,3,10,10,0.000501721632,0.000621867832,0.000341224601,0.00034624408,0.000404400314,0.000142519581,0.000683790597,0.000343647407,0.000361703773,0.000467165228,0.99548465,0.000301083259
syn-0177,0,2,3,8,8,0.000376923359,0.000522745657,0.000196690075,0.000136678136,0.000204912401,0.000487600249,0.000816138636,0.000251249265,0.99612695,0.000283954025,0.000384780549,0.000211402919
syn-0182,0,2,3,6,6,0.000249635923,0.000573068508,0.000311186217,0.000473160966,0.000295720965,0.000434485992,0.995968282,0.000394380069,0.00037926322,0.000240887952,0.000419049524,0.000260885165
syn-0184,0,2,3,2,2,0.00070863677,0.000377987977,0.99466151,0.000557525957,0.000396480493,0.000317556609,0.000402817444,0.000892152253,0.000408931344,0.00036045743,0.000413456612,0.000502476934
syn-0190,0,2,3,3,3,0.00116114342,0.0719980374,0.00238636136,0.907117605,0.00347648468,0.00329208397,0.00206997199,0.000987563282,0.000774391228,0.00357477227,0.000970797671,0.00219080411
syn-0198,0,2,3,0,0,0.974342287,0.00197696756,0.0019724234,0.00425429968,0.00194571156,0.00379935373,0.00315233273,0.000511859194,0.0012070681,0.0050796885,0.000919617654,0.000838388922
syn-0201,0,2,3,0,0,0.995129466,0.000388807501,0.000695814728,0.000378717523,0.00074985181,0.000267118419,0.00036088351,0.000343691994,0.000451451837,0.000462214462,0.000486976962,0.000285014248
syn-0204,0,2,3,1,1,0.000488559075,0.995236158,0.000287194911,0.000317445898,0.000303799083,0.000510590209,0.000698606309,0.000288351584,0.000655899697,0.000426030485,0.000439090654,0.000348260714
syn-0205,0,2,3,2,2,0.000670859998,0.000375803618,0.994608998,0.000818516826,0.000340041937,0.000344601809,0.000385691441,0.000766953977,0.000399509969,0.000347877038,0.00045507602,0.000486054021
syn-0206,0,2,3,8,8,0.00327400607,0.00170069712,0.000767238613,0.000508794736,0.000999011099,0.00094951567,0.00159393705,0.000524142466,0.929450572,0.00220870809,0.0560691208,0.00195423234
syn-0215,0,2,3,10,10,0.000641462801,0.00071679597,0.000399600103,0.000509266334,0.000279420608,0.000235915621,0.000430820888,0.000273369544,0.000939867401,0.00231485162,0.992790043,0.000468612794
syn-0221,0,2,3,11,11,0.00120363536,0.00532021001,0.000681539706,0.000853170699,0.00115254812,0.00141606317,0.00156858168,0.000249508652,0.00113573729,0.000435603986,0.00338050188,0.982602894
syn-0228,0,2,3,6,6,0.00155358482,0.00181096431,0.00141703233,0.0518155135,0.0340529755,0.00147365103,0.90104723,0.00144017243,0.0013633949,0.00127914804,0.000977417454,0.00176891312
syn-0244,0,2,3,3,3,0.000374774769,0.000296423415,0.00082888297,0.994906068,0.000730039785,0.000446974096,0.000582921959,0.000271474273,0.000225174561,0.000717039686,0.000399161159,0.00022109368
syn-0251,0,2,3,10,10,0.000451936998,0.000518962974,0.000318307895,0.00038637736,0.000237091212,0.000176032772,0.000549568911,0.000282188674,0.000427128252,0.000506359735,0.99580276,0.000343308115
syn-0257,0,2,3,4,4,0.00110300211,0.000559816661,0.000350373681,0.000426213956,0.992664039,0.00218888489,0.000355627184,0.000970700523,0.000320939493,0.00033427024,0.000297079532,0.000429050648
syn-0258,0,2,3,3,3,0.00150677515,0.00106277503,0.00129910361,0.96109581,0.00515102642,0.0232494324,0.0027689531,0.000654180476,0.000363598781,0.0015312616,0.000630956318,0.00068611087
syn-0292,0,2,3,11,11,0.000500561902,0.000661694852,0.000496496737,0.000438391144,0.000761699455,0.000511284568,0.000368075504,0.000333686912,0.00027225833,0.000475579407,0.000586501323,0.994593799
syn-0300,0,2,3,10,10,0.000471250009,0.000454408233,0.000336488651,0.000320382416,0.000229586003,0.000138701842,0.00031749293,0.000448580424,0.000333436969,0.000357212819,0.996234834,0.000357606332
syn-0303,0,2,3,7,7,0.0126956217,0.00393045181,0.00195686915,0.00310985651,0.026461754,0.356410503,0.00824870262,0.570429325,0.00639628619,0.00534056686,0.00178174349,0.00323832547
syn-0306,0,2,3,5,5,0.000866818707,0.000970142602,0.000281716697,0.000510841783,0.00318547944,0.989332616,0.00134312978,0.000666665321,0.00170764176,0.000244408875,0.000265484938,0.000625071989
syn-0310,0,2,3,10,10,0.000439812226,0.000320850872,0.00036563602,0.00034880286,0.000304893678,0.00013486993,0.00031863898,0.000323055545,0.000364499952,0.000398605363,0.99626559,0.000414757931
syn-0312,0,2,3,11,11,0.000589302508,0.000553206017,0.000469375052,0.000438377436,0.000559785054,0.000635829987,0.000328889029,0.000380591548,0.000610570714,0.00053336547,0.000705719867,0.994194984
syn-0324,0,2,3,7,7,0.00190684886,0.00192532944,0.000944139785,0.000815086358,0.000918094709,0.00208512298,0.000865033537,0.956290066,0.0165954214,0.00233259401,0.0143608171,0.000961419835
syn-0327,0,2,3,1,1,0.000498060894,0.99420929,0.000322049309,0.000274314923,0.000378632249,0.000564331771,0.000526473741,0.000255527266,0.00145078683,0.000558511936,0.000424116384,0.000537924527
syn-0339,0,2,3,7,7,0.000650124101,0.000359644735,0.000740151852,0.000374850526,0.00084629975,0.00087073748,0.00045829732,0.993879378,0.000688142085,0.000498021429,0.00033496652,0.000299367239
syn-0340,0,2,3,9,9,0.000489480328,0.000498682959,0.000299322332,0.000617926533,0.000335046963,0.000245812524,0.000268070842,0.000595888938,0.000517208129,0.994180977,0.00147805642,0.000473497261
syn-0341,0,2,3,8,8,0.000823971815,0.000779510941,0.000229895886,0.000127796127,0.000214411091,0.000621625688,0.000665000291,0.000204941432,0.995258868,0.000644235639,0.0002120055,0.000217749825
syn-0351,0,2,3,11,11,0.000418699172,0.000785815238,0.000606181973,0.000430891116,0.000779388065,0.000578247884,0.000479162059,0.000398772245,0.000282932248,0.00053439429,0.000369591115,0.994335949
syn-0355,0,2,3,5,5,0.00120506936,0.00127667515,0.000359023397,0.000520932896,0.00118737447,0.989889324,0.0014391361,0.00034954201,0.00111532153,0.000342184416,0.00154145982,0.000773981854
syn-0360,0,2,3,0,0,0.994326651,0.00035260577,0.000677866279,0.000531157712,0.0015052266,0.000270024117,0.000385075313,0.000314427074,0.000330440002,0.000468423415,0.000470175088,0.000367911445
syn-0364,0,2,3,4,4,0.000837864995,0.000348423666,0.000399139448,0.000542155292,0.993965149,0.000719362579,0.000573916361,0.000396311487,0.000317086815,0.000315813464,0.000541570131,0.00104323134
syn-0375,0,2,3,8,8,0.000474606961,0.000533077458,0.000191333995,0.000115135699,0.000189661965,0.000387122273,0.000371133676,0.000290188676,0.996334612,0.000374438765,0.000511312624,0.000227394557
syn-0376,0,2,3,5,5,0.000349588052,0.0005582663,0.00027851027,0.000538099092,0.000430152606,0.994230568,0.00147233834,0.000654256728,0.000591548509,0.000218247063,0.000283758302,0.00039467137
syn-0385,0,2,3,5,4,0.0018693473,0.000652717776,0.000491518353,0.000689735229,0.981853127,0.0107859634,0.00042844683,0.00131400488,0.00049658108,0.000524445029,0.000329369504,0.000564727176
syn-0392,0,2,3,1,1,0.000315680547,0.995532811,0.000360633101,0.000332524738,0.000277919287,0.000416978117,0.000752857071,0.000354186341,0.000344751053,0.000471508043,0.000464335317,0.000375819596
syn-0405,0,2,3,8,8,0.000479138806,0.000515255786,0.000203875446,0.000120983328,0.000166077225,0.000374639145,0.000336320227,0.000270074059,0.996541977,0.000396863237,0.000332032068,0.000262785266
syn-0410,0,2,3,10,10,0.000610858027,0.000409530971,0.000350320362,0.000365447922,0.000278490217,0.000161262215,0.000238235138,0.000353643292,0.000338543265,0.000463083939,0.995476365,0.000954222865
syn-0418,0,2,3,0,0,0.994856715,0.000371399248,0.000723632518,0.000414988201,0.000962143531,0.000287504343,0.000330287003,0.000392596499,0.000419694727,0.000391846494,0.000435977505,0.000413202884
syn-0420,0,2,3,2,2,0.000693522161,0.000320392108,0.994793653,0.000757417409,0.000424011028,0.000284529233,0.000332286494,0.000805357937,0.000379853649,0.000354793156,0.000330637879,0.000523528899
syn-0422,0,2,3,1,1,0.000283137517,0.995562792,0.000322108623,0.000307409588,0.000267294556,0.00036749721,0.0007630685,0.000410483015,0.000331981777,0.000456694019,0.00046172578,0.000465822348
syn-0428,0,2,3,8,1,0.00145462621,0.969234645,0.000586509821,0.000564569607,0.000908760936,0.00106994412,0.0016576841,0.000411483779,0.0195325688,0.00100295665,0.00291010784,0.000666134758
syn-0429,0,2,3,2,2,0.00137461699,0.00179285521,0.98676312,0.00306752347,0.000541170535,0.000536397973,0.00072853436,0.00171305845,0.000818380271,0.000843578717,0.00068938965,0.00113135844
syn-0430,0,2,3,1,1,0.000381693942,0.989435971,0.000321268628,0.00061906327,0.000623902888,0.00463605626,0.000824335439,0.000322870445,0.000294718775,0.000561892521,0.000791247294,0.00118700834
syn-0435,0,2,3,10,10,0.000343177875,0.000426237588,0.000383064704,0.000399888348,0.000238647452,0.000154009016,0.000339006801,0.000520432834,0.000330134644,0.000401791069,0.996134579,0.000329019851
syn-0445,0,2,3,6,6,0.000381140882,0.000687748252,0.000314401201,0.000478167582,0.000407709304,0.000496948545,0.993961155,0.000332039606,0.00204951316,0.000277678628,0.000327045069,0.000286460563
syn-0447,0,2,3,7,7,0.000383130828,0.000412445253,0.000703225844,0.000438547868,0.000462964701,0.000480783492,0.000442061573,0.994662166,0.000560475222,0.000565297261,0.000508217025,0.00038071454
syn-0464,0,2,3,4,4,0.00193782127,0.000402544887,0.000422727666,0.000545392919,0.993970215,0.000359103375,0.000479530572,0.000497326138,0.000282322901,0.000391003327,0.000303433859,0.000408594962
syn-0469,0,2,3,9,9,0.000551493489,0.000663488638,0.000273054087,0.000515761727,0.000349278329,0.000296083221,0.000311974756,0.000505720323,0.000539856846,0.994983494,0.00050502643,0.000504796568
syn-0474,0,2,3,0,0,0.995182574,0.000402453414,0.000562257657,0.000491111889,0.000704513921,0.000394719536,0.000343526888,0.000302617089,0.000431737542,0.0004984517,0.00039318559,0.000292837532
syn-0477,0,2,3,7,7,0.0262633376,0.071317181,0.0115206549,0.0150915822,0.0157461148,0.302298009,0.0187651496,0.350242704,0.130481794,0.0168672204,0.0155941341,0.0258121304
syn-0485,0,2,3,10,10,0.000568199961,0.000520837493,0.000325644854,0.000374096504,0.000291333999,0.000134864662,0.000689685869,0.000314145116,0.000962535618,0.000290613621,0.995208919,0.000319131126
syn-0007,0,2,4,6,6,0.00036101669,0.000655683747,0.000319068815,0.000497298199,0.00037107867,0.00068655482,0.994761705,0.000331786432,0.00120933435,0.000281261309,0.00023919715,0.000286018505
syn-0014,0,2,4,0,0,0.994371057,0.000282844238,0.00069246965,0.000501058006,0.000581280328,0.000328313472,0.000444481673,0.000400408899,0.000587070652,0.000606642687,0.000876630016,0.000327756599
syn-0019,0,2,4,0,0,0.993038833,0.000479054084,0.000559890526,0.000857561128,0.0010004628,0.000230056437,0.000636685814,0.00033976775,0.000456949958,0.000745595666,0.00135018374,0.000304968853
syn-0023,0,2,4,1,1,0.000305657246,0.995740116,0.000251203513,0.000355773635,0.000293254008,0.000377375749,0.0004573318,0.000549325545,0.000344486209,0.000548247946,0.000343174557,0.000434043759
syn-0024,0,2,4,2,2,0.000832092774,0.000286150695,0.994156957,0.000678218261,0.000335052755,0.000403698505,0.000519175315,0.000735814625,0.000312568212,0.000670506794,0.000543873874,0.000525886309
syn-0029,0,2,4,2,2,0.00061495346,0.000307637238,0.995060802,0.000798763242,0.000368004636,0.000411921646,0.000375674572,0.000646558183,0.000298281288,0.000333142903,0.000347615307,0.00043665024
syn-0036,0,2,4,5,5,0.000658785866,0.000565671478,0.000312376011,0.000758372014,0.00199121027,0.991793215,0.00136637641,0.000295382168,0.000629003218,0.000297548395,0.000575847633,0.000756204419
syn-0043,0,2,4,9,9,0.000589041447,0.00050973054,0.000397237949,0.000632022158,0.000365364889,0.000386610453,0.000633072108,0.00161452382,0.00117555331,0.987014651,0.00600581663,0.000676365918
syn-0061,0,2,4,4,4,0.000350728835,0.000344034604,0.000397798372,0.000603866705,0.994522333,0.000615880417,0.00102829514,0.000610279909,0.00030340653,0.000333229924,0.00033244575,0.000557678228
syn-0074,0,2,4,5,5,0.0123519003,0.0317824073,0.000741427823,0.0013769581,0.00130976317,0.936347544,0.0022310731,0.00168175541,0.00726658013,0.00140864775,0.00249243435,0.00100952527
syn-0075,0,2,4,7,7,0.000679799647,0.000313783414,0.000687104417,0.000357407174,0.00106375793,0.000991131295,0.000413437054,0.992253244,0.000867816678,0.000602551911,0.000994873815,0.000775119697
syn-0082,0,2,4,1,1,0.00045852983,0.985758662,0.000385210733,0.000646227621,0.000174895642,0.00227071601,0.00143909536,0.00123076339,0.00122038752,0.000857154955,0.00510505168,0.000453284418
syn-0083,0,2,4,0,0,0.993918359,0.00053785491,0.000609922805,0.000497818866,0.00111469405,0.000661677448,0.000457686692,0.000304393674,0.000614197517,0.000521919224,0.000405231694,0.000356238685
syn-0095,0,2,4,11,11,0.000327769143,0.000874944089,0.000614282908,0.00048109176,0.000527951517,0.000613780809,0.000477919501,0.000422041863,0.0003060085,0.000593908015,0.00103884866,0.993721426
syn-0102,0,2,4,1,1,0.000398720207,0.994433522,0.000333443866,0.000301236869,0.00031553625,0.000489910017,0.000731835898,0.00046251624,0.00123639242,0.000505165837,0.000353194628,0.000438496441
syn-0105,0,2,4,4,4,0.0014088155,0.000202994866,0.000401255209,0.000744874298,0.994169652,0.00035502424,0.000553697697,0.000516814762,0.000241172645,0.00036352512,0.000536766893,0.000505401462
syn-0106,0,2,4,10,10,0.000318723643,0.000444637961,0.00027244573,0.000364158856,0.000245031988,0.000172531174,0.000883543573,0.000291967823,0.00044429992,0.000232136023,0.995841324,0.000489214726
syn-0107,0,2,4,10,10,0.000369755988,0.000262442802,0.000319258019,0.000436856877,0.000247129035,0.000165594523,0.000452679815,0.000568481686,0.000265580893,0.000257158681,0.996369898,0.000285193062
syn-0108,0,2,4,8,8,0.000467451522,0.000468207989,0.000286698807,0.000157727583,0.000206173689,0.000535937084,0.000724661979,0.000675261952,0.990414858,0.000344832981,0.00526650716,0.000451700587
syn-0113,0,2,4,11,11,0.00051868672,0.000998012489,0.000462408207,0.000296767597,0.000681132078,0.000507520686,0.000378934812,0.00022474186,0.000865437731,0.000911906536,0.000569077965,0.993585348
syn-0119,0,2,4,6,6,0.000282624707,0.000763398653,0.000352274219,0.00076600007,0.000315738027,0.000697925454,0.99055469,0.000470139348,0.000622147869,0.000260991976,0.0046005128,0.000313579978
syn-0122,0,2,4,3,3,0.000344744738,0.000295533275,0.000772743369,0.994674146,0.000491413521,0.000403439422,0.000651738257,0.000406542997,0.000185926678,0.000820494897,0.000638530706,0.000314734876
syn-0127,0,2,4,11,11,0.000507986522,0.00119929784,0.000648927409,0.000619321829,0.00051537226,0.000581442669,0.0016160669,0.000284148526,0.000896544836,0.000493402069,0.000792320643,0.991845191
syn-0136,0,2,4,6,6,0.000230142425,0.000967163069,0.000265548297,0.000705542916,0.000352957693,0.000407298765,0.99490422,0.000266233576,0.000513541105,0.000376747572,0.000791042112,0.000219560665
syn-0138,0,2,4,4,4,0.000831030018,0.000653405208,0.000501544389,0.00170006021,0.981060326,0.00074462645,0.00807212852,0.000765525154,0.000452537672,0.000570003991,0.002395913,0.0022529203
syn-0156,0,2,4,6,6,0.000194161301,0.000522710616,0.000337941718,0.000562648231,0.000248528842,0.000434339046,0.995809376,0.000367614266,0.000596996804,0.000245970441,0.00041522595,0.000264472619
syn-0161,0,2,4,2,2,0.00058658747,0.00027923024,0.995404363,0.000742349483,0.000360400765,0.000310522359,0.000369771791,0.000650376256,0.000281196728,0.000311684911,0.000281883986,0.000421624485
syn-0176,0,2,4,10,10,0.000301043765,0.000515983382,0.000403162237,0.000786095974,0.000407507032,0.00030602605,0.00657222467,0.000422807643,0.000575170794,0.00051311712,0.988894522,0.000302333967
syn-0185,0,2,4,7,7,0.0159666575,0.00603448786,0.0606269985,0.00689450838,0.00775833661,0.0034851674,0.00339146494,0.745510042,0.0086803278,0.118927151,0.0116090495,0.0111158174
syn-0189,0,2,4,10,10,0.000674316834,0.0010489627,0.000327909947,0.000451192522,0.000272607984,0.000221203416,0.00114154338,0.000203113101,0.00161576516,0.000283762056,0.992988408,0.000771217048
syn-0192,0,2,4,5,5,0.000287505769,0.000477708236,0.000429404055,0.000497023284,0.000392597838,0.994406581,0.000667668122,0.000732345041,0.00064591039,0.000290696538,0.0004173083,0.000755244575
syn-0194,0,2,4,1,1,0.000477392954,0.9926579,0.000366537977,0.000295367267,0.000293394289,0.000546150724,0.000839494634,0.000451383239,0.00258294586,0.000600285653,0.000405878411,0.000483276235
syn-0195,0,2,4,4,4,0.000496294233,0.000408449909,0.000302666012,0.000644446758,0.990791619,0.00396222901,0.000830438512,0.000623385829,0.000663746905,0.000392017857,0.00051951746,0.000365204643
syn-0200,0,2,4,5,5,0.000861636479,0.0015515032,0.000625488465,0.00160119834,0.00104443694,0.977188706,0.00141038129,0.0125362854,0.00109745562,0.00057218154,0.000812326209,0.000698386168
syn-0203,0,2,4,8,8,0.000298506347,0.00026784619,0.000188126272,0.00010618972,0.000154354624,0.000486552366,0.000553667604,0.000308355986,0.996656537,0.000291787524,0.00047145781,0.000216623972
syn-0207,0,2,4,0,0,0.994322419,0.000326295529,0.000644165557,0.000435140159,0.00101013982,0.000393738708,0.000487848331,0.000324905996,0.000697252923,0.00046666112,0.00055902591,0.000332432275
syn-0208,0,2,4,8,8,0.000271687313,0.000287863048,0.000170812506,0.000113085342,0.000177544483,0.0005261146,0.000567234878,0.000302963133,0.996601164,0.000264485774,0.000537206884,0.000179847717
syn-0209,0,2,4,7,7,0.00119245844,0.00077580614,0.00216262159,0.000640888873,0.00216115592,0.00737879891,0.00107815024,0.978352249,0.00313000032,0.000854905869,0.000952779199,0.00132019306
syn-0211,0,2,4,0,0,0.994491518,0.000272764592,0.000758001639,0.000529919926,0.000696174218,0.00026859215,0.000503275602,0.00039775137,0.000457580027,0.000566468225,0.000719901174,0.000338066951
syn-0217,0,2,4,6,6,0.000254181185,0.000558691332,0.000388075394,0.000650190457,0.000237017244,0.000508774188,0.995688796,0.000368764799,0.000435236085,0.000245441508,0.000432811474,0.000232028833
syn-0219,0,2,4,0,0,0.99478364,0.000283901929,0.000690006069,0.000434950751,0.000462752127,0.000319160783,0.000465682446,0.000481959316,0.000547019241,0.000517346489,0.000664831197,0.000348756614
syn-0224,0,2,4,8,8,0.000420752825,0.000343049614,0.000179817347,0.000107584456,0.000221498252,0.000481306721,0.000661975995,0.000323975313,0.996020138,0.000233922634,0.000769943406,0.000236051827
syn-0226,0,2,4,6,6,0.000203614502,0.000543389702,0.000368261884,0.000555317674,0.000228723875,0.00046140622,0.995515585,0.000398707634,0.000455988629,0.000247361866,0.000756536552,0.000265098439
syn-0229,0,2,4,7,7,0.000960284902,0.000333804579,0.000787809899,0.00048451469,0.000708897482,0.00149793283,0.000553148042,0.992001176,0.00105751399,0.000481004186,0.000770129322,0.000363808911
syn-0234,0,2,4,4,6,0.000174594228,0.000296879385,0.000296088721,0.000906163827,0.000856655126,0.000414408103,0.995092452,0.000259867491,0.000796980399,0.000262073299,0.000458494702,0.000185326513
syn-0243,0,2,4,10,10,0.000384185347,0.000490689941,0.000262405403,0.000335642428,0.000205900345,0.000218291636,0.000440425589,0.00042264568,0.000457646238,0.000319269398,0.995718658,0.000744231278
syn-0250,0,2,4,11,11,0.000364079315,0.000460723211,0.000501556729,0.000362809282,0.000545998453,0.000545221497,0.000340664905,0.000334945769,0.000342381012,0.000868786476,0.000936877332,0.994395971
syn-0253,0,2,4,3,3,0.000333256088,0.000276410516,0.000747461163,0.994660437,0.000602261396,0.000497904432,0.000783952884,0.000466101628,0.000180450908,0.000528706762,0.00058396504,0.000339093647
syn-0255,0,2,4,2,2,0.000661872094,0.000293001096,0.995381236,0.000669235073,0.000353686803,0.000372956652,0.000339845516,0.000594308018,0.000295924954,0.000322071835,0.000296296086,0.000419537886
syn-0259,0,2,4,4,4,0.000568047457,0.000346336776,0.000358819059,0.000992143294,0.992601931,0.000481691794,0.00187867496,0.000520046917,0.00033688455,0.000432458037,0.000808761455,0.000674221839
syn-0260,0,2,4,11,11,0.00136605999,0.00473273266,0.00143238506,0.00212329975,0.00208648713,0.00219166069,0.0277878623,0.000990836881,0.00176483148,0.00271188933,0.0313731506,0.921438813
syn-0265,0,2,4,3,3,0.00065363769,0.000251154503,0.000619748025,0.991353691,0.00128419243,0.00130967947,0.00165030372,0.000417945121,0.000229219935,0.00124212145,0.000646156957,0.000342134968
syn-0269,0,2,4,10,10,0.000321446656,0.000854512444,0.00040616488,0.000573982543,0.000273457088,0.000290262018,0.00503322762,0.000414063019,0.000495990447,0.000444317004,0.990547538,0.000345062901
syn-0285,0,2,4,11,11,0.000395773997,0.000635302917,0.000417439267,0.00046719698,0.000598408573,0.000593417673,0.000535902509,0.000251676975,0.000632901618,0.00077507057,0.000606351299,0.994090557
syn-0286,0,2,4,8,8,0.000317311788,0.000382662402,0.000184705947,0.000120924044,0.00012514359,0.000483361975,0.000889194489,0.00026796764,0.99624306,0.000391168986,0.000422395533,0.000172110449
syn-0289,0,2,4,8,8,0.0207120236,0.213015884,0.00248179724,0.00149764656,0.00221669441,0.145462289,0.00726466998,0.0139111681,0.578275144,0.00443721423,0.0074377507,0.00328773982
syn-0299,0,2,4,1,1,0.000363959785,0.995196462,0.000247608376,0.000440325151,0.000270930992,0.000629508286,0.000547775882,0.000475435489,0.000462920754,0.00069858518,0.000346298795,0.000320182298
syn-0305,0,2,4,1,1,0.000261424662,0.995657921,0.000302456494,0.000315496203,0.000211098275,0.00039497987,0.000643089064,0.000445787067,0.000315200858,0.000487202895,0.000506647164,0.000458704162
syn-0307,0,2,4,3,3,0.00446256669,0.00314521254,0.000814222207,0.90644902,0.00556157436,0.00364901195,0.0118453456,0.00142637687,0.0027230354,0.0562494956,0.00209637312,0.00157775986
syn-0321,0,2,4,9,9,0.000355411845,0.000380607613,0.000316513033,0.000785354234,0.000304006477,0.000307123293,0.000444666046,0.000561585184,0.000533537182,0.994345963,0.00119800272,0.000467237638
syn-0326,0,2,4,1,1,0.000404333521,0.989883184,0.000379556557,0.000296576269,0.000509723497,0.000874634599,0.00097840128,0.00132173416,0.00224972214,0.00116023573,0.000436196598,0.00150569575
syn-0333,0,2,4,5,4,0.00892892387,0.000958074001,0.001596616,0.00388533296,0.837510884,0.117426544,0.00797982607,0.00131501013,0.0158008635,0.00108080136,0.00203760457,0.00147951499
syn-0338,0,2,4,8,8,0.000691425637,0.000599938503,0.000213034975,0.000126872386,0.000168780738,0.000413520669,0.000749191036,0.000266337127,0.995321214,0.00064907287,0.000563164242,0.000237448723
syn-0350,0,2,4,2,2,0.000728393265,0.000317560975,0.995221078,0.000716895505,0.000324927416,0.000341581414,0.000398281933,0.000631944393,0.000304990564,0.000317367434,0.000266676943,0.000430288172
syn-0352,0,2,4,8,8,0.000317142723,0.000272865378,0.000214864776,0.000113242138,0.000139380296,0.000427129009,0.000377417891,0.000463441509,0.996718526,0.000329595845,0.000420904427,0.000205494158
syn-0353,0,2,4,7,7,0.000714164169,0.000999001553,0.0010375675,0.00125282526,0.00101653149,0.018097017,0.000790263002,0.969449282,0.00174843916,0.00227713445,0.0015051181,0.00111263059
syn-0363,0,2,4,9,9,0.0213727206,0.0123171043,0.00113668176,0.00586342998,0.00157217204,0.00319813564,0.00423484296,0.00220351876,0.00607997179,0.715765774,0.159146428,0.0671091974
syn-0368,0,2,4,9,9,0.000505144708,0.000748183404,0.000268340111,0.000575288199,0.000349838811,0.000381003018,0.000384803046,0.000299286476,0.00098734023,0.993643522,0.000673321425,0.0011839529
syn-0377,0,2,4,5,5,0.000549142889,0.000886933296,0.000844923605,0.00137566344,0.000487446756,0.985438287,0.00105772645,0.0055087069,0.000628608279,0.000671518268,0.00103000225,0.00152102101
syn-0378,0,2,4,2,2,0.000589962758,0.000262907415,0.995082676,0.000864598085,0.000314788398,0.000369292567,0.000351897615,0.000653042691,0.000254005776,0.000363128318,0.000439787138,0.00045390919
syn-0379,0,2,4,3,3,0.000537771906,0.00043016643,0.000950314221,0.99095279,0.00117227098,0.000409445725,0.00208152109,0.000324094464,0.000295792823,0.00180069474,0.000755571236,0.00028956501
syn-0386,0,2,4,10,10,0.00038741983,0.000358530931,0.000400906545,0.00042188089,0.000275295577,0.000156065274,0.00039961419,0.000578848412,0.000223638926,0.000485256111,0.995938957,0.000373571005
syn-0391,0,2,4,0,0,0.994637191,0.000427813735,0.000606480869,0.000432031229,0.000574617065,0.000300959277,0.000415426097,0.000307693583,0.000720937038,0.000506901706,0.000721699907,0.000348218455
syn-0399,0,2,4,8,8,0.00027932605,0.000225953569,0.000173870823,0.000115487965,0.000162234675,0.000405804982,0.000634165306,0.000385540217,0.996295273,0.00027780098,0.000827984128,0.000216538698
syn-0402,0,2,4,1,1,0.000627551461,0.993833184,0.000262363697,0.000405788567,0.000517167151,0.000432973873,0.000443047611,0.00064406608,0.000436648377,0.000432536646,0.00113772019,0.000826924341
syn-0403,0,2,4,9,9,0.00101331761,0.000856540224,0.000300614745,0.000444890378,0.000304522924,0.000355327327,0.000339593011,0.000471916836,0.00196362124,0.992318094,0.00102885475,0.000602689513
syn-0408,0,2,4,4,4,0.0144544821,0.000659876037,0.000866884191,0.00094339042,0.972895145,0.000694713322,0.00292632147,0.000952023314,0.00232473179,0.000807096774,0.00102584821,0.00144947879
syn-0413,0,2,4,9,9,0.000573833124,0.000950777845,0.000323190819,0.000444693986,0.000307183014,0.000360058679,0.000526708202,0.000598948041,0.00122655032,0.992606759,0.00157332234,0.000507992052
syn-0432,0,2,4,6,6,0.000228662,0.00053964759,0.000323250657,0.000569744036,0.00023975494,0.000511116581,0.995677531,0.000409987755,0.000504698022,0.000255774765,0.00044366272,0.000296145154
syn-0437,0,2,4,3,10,0.00267697126,0.00423713215,0.000860314234,0.0961018652,0.00943134818,0.00481323246,0.0422827788,0.000854130194,0.0063128639,0.00752395066,0.818571925,0.00633347081
syn-0468,0,2,4,6,6,0.000219152033,0.00035927273,0.000304628193,0.000586742302,0.000255521823,0.000514326151,0.995918632,0.000376308541,0.000539680885,0.000238613924,0.000454313093,0.000232794962
syn-0473,0,2,4,10,10,0.000368689216,0.000537359447,0.00031076913,0.000546634081,0.000454347522,0.000184630539,0.000651297276,0.000497039931,0.000420528348,0.000292942277,0.995453537,0.000282230176
syn-0484,0,2,4,3,3,0.000312571006,0.00027070794,0.000681132486,0.995130181,0.000552788202,0.000435584458,0.000637384423,0.000389260938,0.00017106811,0.000680902973,0.000473715627,0.000264675095
syn-0491,0,2,4,10,10,0.000467382808,0.000294691999,0.000336821395,0.000481465599,0.000236011881,0.000176490707,0.000642305007,0.000598633604,0.000438047544,0.000276183884,0.995823264,0.000228699661
syn-0499,0,2,4,11,11,0.000463173492,0.00056386186,0.000449611689,0.000339245365,0.000646575529,0.000511800172,0.000375320524,0.000344159198,0.000331012765,0.0012055391,0.000534571882,0.994235158
