id,lang,code_mixed,is_noisy,n_chars,any_non_en
syn-0001,en,False,True,106,False
syn-0002,en,False,True,77,False
syn-0003,en,False,True,45,False
syn-0004,en,False,True,65,False
syn-0005,en,False,False,92,False
syn-0006,en,False,False,69,False
syn-0007,en,False,True,88,False
syn-0008,en,False,True,62,False
syn-0009,en,False,True,61,False
syn-0010,en,False,False,99,False
syn-0011,en,False,False,81,False
syn-0012,en,False,True,98,False
syn-0013,en,False,True,54,False
syn-0014,fr,False,False,93,True
syn-0015,en,False,False,73,False
syn-0016,en,False,False,85,False
syn-0017,en,False,False,79,False
syn-0018,en,False,False,96,False
syn-0019,en,False,False,122,False
syn-0020,en,False,False,67,False
syn-0021,en,False,True,86,False
syn-0022,en,False,True,90,False
syn-0023,en,False,True,107,False
syn-0024,en,False,False,40,False
syn-0025,en,False,True,63,False
syn-0026,es,False,False,42,True
syn-0027,en,False,True,62,False
syn-0028,en,False,False,116,False
syn-0029,en,False,True,29,False
syn-0030,en,False,True,107,False
syn-0031,en,False,True,71,False
syn-0032,en,False,True,75,False
syn-0033,en,False,True,71,False
syn-0034,en,False,False,52,False
syn-0035,en,False,False,96,False
syn-0036,en,False,False,58,False
syn-0037,en,False,True,88,False
syn-0038,en,False,True,71,False
syn-0039,en,False,True,89,False
syn-0040,en,False,True,86,False
syn-0041,en,False,True,79,False
syn-0042,en,False,True,129,False
syn-0043,en,False,False,55,False
syn-0044,undetermined,False,True,11,False
syn-0045,en,False,False,115,False
syn-0046,en,False,True,95,False
syn-0047,en,False,True,98,False
syn-0048,en,False,False,46,False
syn-0049,de,False,True,72,True
syn-0050,en,False,False,42,False
syn-0051,en,False,True,75,False
syn-0052,en,False,True,94,False
syn-0053,undetermined,False,False,15,False
syn-0054,en,False,False,82,False
syn-0055,en,False,False,94,False
syn-0056,en,False,True,72,False
syn-0057,en,False,True,75,False
syn-0058,en,False,True,89,False
syn-0059,en,False,False,74,False
syn-0060,en,False,True,69,False
syn-0061,en,False,False,55,False
syn-0062,ar,False,True,26,True
syn-0063,en,False,True,102,False
syn-0064,en,False,False,51,False
syn-0065,en,False,False,81,False
syn-0066,en,False,False,97,False
syn-0067,en,False,True,59,False
syn-0068,en,False,True,72,False
syn-0069,en,False,True,91,False
syn-0070,es,False,False,18,True
syn-0071,fr,False,False,69,True
syn-0072,en,False,False,54,False
syn-0073,en,False,False,50,False
syn-0074,en,False,True,69,False
syn-0075,en,False,True,23,False
syn-0076,en,False,False,93,False
syn-0077,en,False,False,37,False
syn-0078,en,False,True,114,False
syn-0079,es,False,False,96,True
syn-0080,en,False,True,103,False
syn-0081,en,False,True,65,False
syn-0082,de,False,False,72,True
syn-0083,en,False,True,99,False
syn-0084,en,False,True,62,False
syn-0085,en,False,False,101,False
syn-0086,en,False,False,34,False
syn-0087,en,False,True,71,False
syn-0088,en,False,False,112,False
syn-0089,fr,False,False,65,True
syn-0090,en,False,True,68,False
syn-0091,en,False,False,71,False
syn-0092,en,False,False,69,False
syn-0093,en,False,True,79,False
syn-0094,zh,False,True,17,True
syn-0095,en,False,False,46,False
syn-0096,en,False,True,68,False
syn-0097,en,False,True,69,False
syn-0098,en,False,False,29,False
syn-0099,en,False,True,34,False
syn-0100,en,False,True,36,False
syn-0101,en,False,True,70,False
syn-0102,en,False,True,69,False
syn-0103,en,False,True,78,False
syn-0104,en,False,False,95,False
syn-0105,fr,False,False,85,True
syn-0106,en,False,False,67,False
syn-0107,es,False,False,45,True
syn-0108,en,False,True,65,False
syn-0109,en,False,True,110,False
syn-0110,en,False,True,115,False
syn-0111,en,False,False,93,False
syn-0112,en,False,False,74,False
syn-0113,en,False,True,88,False
syn-0114,en,False,False,68,False
syn-0115,en,False,True,67,False
syn-0116,en,False,False,47,False
syn-0117,es,False,False,81,True
syn-0118,en,False,False,75,False
syn-0119,en,False,True,81,False
syn-0120,en,False,False,95,False
syn-0121,en,False,True,98,False
syn-0122,en,False,True,80,False
syn-0123,en,False,False,60,False
syn-0124,en,False,False,76,False
syn-0125,en,False,False,91,False
syn-0126,en,False,True,48,False
syn-0127,zh,False,True,24,True
syn-0128,en,False,False,37,False
syn-0129,en,False,True,69,False
syn-0130,en,False,False,39,False
syn-0131,en,False,False,72,False
syn-0132,en,False,False,106,False
syn-0133,de,False,False,13,True
syn-0134,en,False,True,88,False
syn-0135,en,False,False,75,False
syn-0136,en,False,False,139,False
syn-0137,en,False,True,77,False
syn-0138,en,False,True,52,False
syn-0139,en,False,True,85,False
syn-0140,en,False,True,44,False
syn-0141,en,False,False,38,False
syn-0142,en,False,True,112,False
syn-0143,en,False,False,67,False
syn-0144,en,False,True,120,False
syn-0145,en,False,True,35,False
syn-0146,en,False,False,60,False
syn-0147,en,False,True,131,False
syn-0148,en,False,True,25,False
syn-0149,en,False,True,78,False
syn-0150,de,False,False,95,True
syn-0151,en,False,False,78,False
syn-0152,en,False,False,92,False
syn-0153,en,False,True,89,False
syn-0154,en,False,True,87,False
syn-0155,en,False,True,75,False
syn-0156,en,False,True,42,False
syn-0157,es,False,False,57,True
syn-0158,en,False,True,102,False
syn-0159,en,False,False,84,False
syn-0160,en,False,True,68,False
syn-0161,fr,False,False,27,True
syn-0162,fr,False,False,78,True
syn-0163,en,False,True,74,False
syn-0164,en,False,True,63,False
syn-0165,en,False,True,89,False
syn-0166,en,False,True,60,False
syn-0167,en,False,True,89,False
syn-0168,fr,False,False,83,True
syn-0169,es,False,False,71,True
syn-0170,en,False,False,59,False
syn-0171,en,False,False,55,False
syn-0172,en,False,False,61,False
syn-0173,en,False,False,56,False
syn-0174,en,False,False,21,False
syn-0175,en,False,False,87,False
syn-0176,en,False,False,63,False
syn-0177,en,False,True,84,False
syn-0178,en,False,False,90,False
syn-0179,en,False,False,96,False
syn-0180,en,False,True,55,False
syn-0181,en,False,True,110,False
syn-0182,en,False,True,65,False
syn-0183,en,False,True,75,False
syn-0184,en,False,False,35,False
syn-0185,en,False,True,34,False
syn-0186,en,False,False,100,False
syn-0187,en,False,False,90,False
syn-0188,en,False,False,80,False
syn-0189,en,False,True,61,False
syn-0190,en,False,True,127,False
syn-0191,en,False,True,114,False
syn-0192,en,False,False,57,False
syn-0193,es,False,False,81,True
syn-0194,en,False,False,79,False
syn-0195,en,False,False,78,False
syn-0196,en,False,False,64,False
syn-0197,en,False,True,123,False
syn-0198,en,False,True,133,False
syn-0199,en,False,False,73,False
syn-0200,en,False,True,57,False
syn-0201,en,False,True,71,False
syn-0202,en,False,False,68,False
syn-0203,en,False,False,72,False
syn-0204,en,False,True,102,False
syn-0205,en,False,False,35,False
syn-0206,en,False,False,71,False
syn-0207,en,False,True,89,False
syn-0208,en,False,True,90,False
syn-0209,undetermined,False,True,13,False
syn-0210,en,False,True,65,False
syn-0211,en,False,True,60,False
syn-0212,de,False,False,61,True
syn-0213,en,False,True,91,False
syn-0214,en,False,False,97,False
syn-0215,en,False,True,78,False
syn-0216,en,False,True,95,False
syn-0217,fr,False,False,69,True
syn-0218,en,False,True,53,False
syn-0219,en,False,False,69,False
syn-0220,undetermined,False,True,5,False
syn-0221,en,False,False,88,False
syn-0222,en,False,True,69,False
syn-0223,en,False,False,90,False
syn-0224,en,False,True,72,False
syn-0225,en,False,True,34,False
syn-0226,en,False,False,70,False
syn-0227,en,False,True,70,False
syn-0228,en,False,False,89,False
syn-0229,en,False,True,50,False
syn-0230,fr,True,False,78,True
syn-0231,en,False,True,107,False
syn-0232,en,False,True,89,False
syn-0233,en,False,True,96,False
syn-0234,en,False,False,86,False
syn-0235,fr,False,False,89,True
syn-0236,en,False,False,68,False
syn-0237,en,False,True,80,False
syn-0238,en,False,True,54,False
syn-0239,zh,False,False,21,True
syn-0240,en,False,False,86,False
syn-0241,en,False,False,95,False
syn-0242,en,False,False,91,False
syn-0243,en,False,False,73,False
syn-0244,en,False,True,86,False
syn-0245,en,False,False,59,False
syn-0246,en,False,True,93,False
syn-0247,en,False,True,75,False
syn-0248,en,False,True,60,False
syn-0249,en,False,True,75,False
syn-0250,en,False,False,75,False
syn-0251,en,False,False,95,False
syn-0252,en,False,True,67,False
syn-0253,en,False,True,82,False
syn-0254,en,False,True,43,False
syn-0255,en,False,True,35,False
syn-0256,en,False,False,66,False
syn-0257,en,False,True,85,False
syn-0258,en,False,False,81,False
syn-0259,en,False,True,87,False
syn-0260,en,False,True,34,False
syn-0261,en,False,True,93,False
syn-0262,undetermined,False,False,16,False
syn-0263,es,False,True,89,True
syn-0264,en,False,False,57,False
syn-0265,en,False,True,79,False
syn-0266,de,False,False,30,True
syn-0267,es,False,True,62,True
syn-0268,en,False,False,83,False
syn-0269,en,False,False,31,False
syn-0270,en,False,True,81,False
syn-0271,en,False,False,71,False
syn-0272,en,False,True,78,False
syn-0273,en,False,False,118,False
syn-0274,en,False,False,65,False
syn-0275,en,False,True,58,False
syn-0276,en,False,False,38,False
syn-0277,en,False,False,80,False
syn-0278,en,False,True,93,False
syn-0279,en,False,False,72,False
syn-0280,en,False,False,92,False
syn-0281,en,False,True,76,False
syn-0282,en,False,False,80,False
syn-0283,en,False,True,30,False
syn-0284,en,False,True,94,False
syn-0285,en,False,True,74,False
syn-0286,de,False,False,84,True
syn-0287,en,False,True,88,False
syn-0288,en,False,True,113,False
syn-0289,en,False,True,82,False
syn-0290,es,False,True,57,True
syn-0291,en,False,False,81,False
syn-0292,en,False,False,88,False
syn-0293,fr,False,True,92,True
syn-0294,en,False,True,108,False
syn-0295,de,False,False,70,True
syn-0296,en,False,True,98,False
syn-0297,es,False,True,61,True
syn-0298,en,False,True,42,False
syn-0299,en,False,False,89,False
syn-0300,undetermined,False,True,16,False
syn-0301,en,False,False,99,False
syn-0302,en,False,False,19,False
syn-0303,en,False,False,46,False
syn-0304,en,False,True,76,False
syn-0305,en,False,False,82,False
syn-0306,en,False,True,71,False
syn-0307,en,False,False,93,False
syn-0308,es,False,False,94,True
syn-0309,en,False,True,62,False
syn-0310,en,False,True,44,False
syn-0311,en,False,True,113,False
syn-0312,en,False,True,63,False
syn-0313,en,False,False,40,False
syn-0314,en,False,False,88,False
syn-0315,en,False,True,63,False
syn-0316,en,False,True,120,False
syn-0317,en,False,False,85,False
syn-0318,en,False,False,73,False
syn-0319,en,False,False,90,False
syn-0320,en,False,True,90,False
syn-0321,es,False,False,93,True
syn-0322,en,False,False,52,False
syn-0323,en,False,True,33,False
syn-0324,en,False,True,50,False
syn-0325,en,False,True,86,False
syn-0326,en,False,False,58,False
syn-0327,en,False,True,90,False
syn-0328,en,False,False,54,False
syn-0329,en,False,True,72,False
syn-0330,en,False,True,72,False
syn-0331,en,False,True,60,False
syn-0332,en,False,False,96,False
syn-0333,en,False,True,69,False
syn-0334,zh,False,False,21,True
syn-0335,en,False,False,104,False
syn-0336,en,False,False,87,False
syn-0337,es,False,False,84,True
syn-0338,en,False,False,77,False
syn-0339,en,False,True,56,False
syn-0340,en,False,False,107,False
syn-0341,en,False,False,65,False
syn-0342,es,False,True,88,True
syn-0343,en,False,False,65,False
syn-0344,en,False,False,104,False
syn-0345,en,False,True,42,False
syn-0346,it,False,False,81,True
syn-0347,en,False,True,102,False
syn-0348,de,False,False,64,True
syn-0349,en,False,True,61,False
syn-0350,en,False,False,47,False
syn-0351,en,False,False,65,False
syn-0352,en,False,True,85,False
syn-0353,en,False,True,27,False
syn-0354,en,False,True,84,False
syn-0355,en,False,True,49,False
syn-0356,es,False,False,88,True
syn-0357,fr,False,True,104,True
syn-0358,en,False,False,38,False
syn-0359,en,False,False,68,False
syn-0360,en,False,True,102,False
syn-0361,fr,False,False,68,True
syn-0362,en,False,True,22,False
syn-0363,en,False,True,57,False
syn-0364,en,False,True,60,False
syn-0365,en,False,True,33,False
syn-0366,en,False,True,65,False
syn-0367,de,False,False,75,True
syn-0368,en,False,True,63,False
syn-0369,en,False,True,65,False
syn-0370,en,False,True,107,False
syn-0371,en,False,False,62,False
syn-0372,en,False,False,102,False
syn-0373,en,False,True,79,False
syn-0374,en,False,True,95,False
syn-0375,en,False,True,62,False
syn-0376,en,False,True,49,False
syn-0377,en,False,True,63,False
syn-0378,en,False,True,28,False
syn-0379,en,False,True,101,False
syn-0380,en,False,True,70,False
syn-0381,en,False,False,70,False
syn-0382,en,False,False,80,False
syn-0383,en,False,False,15,False
syn-0384,en,False,False,100,False
syn-0385,en,False,False,61,False
syn-0386,undetermined,False,False,12,False
syn-0387,es,False,False,93,True
syn-0388,en,False,False,72,False
syn-0389,nl,False,True,100,True
syn-0390,en,False,True,42,False
syn-0391,en,False,False,98,False
syn-0392,en,False,True,105,False
syn-0393,en,False,False,64,False
syn-0394,en,False,True,65,False
syn-0395,en,False,False,64,False
syn-0396,zh,False,True,32,True
syn-0397,en,False,True,74,False
syn-0398,en,False,True,98,False
syn-0399,en,False,False,64,False
syn-0400,en,False,True,30,False
syn-0401,en,False,False,84,False
syn-0402,en,False,True,64,False
syn-0403,en,False,False,116,False
syn-0404,en,False,True,81,False
syn-0405,en,False,False,102,False
syn-0406,en,False,True,69,False
syn-0407,en,False,False,78,False
syn-0408,en,False,True,72,False
syn-0409,en,False,False,89,False
syn-0410,en,False,True,57,False
syn-0411,en,False,True,40,False
syn-0412,en,False,False,70,False
syn-0413,en,False,True,74,False
syn-0414,en,False,True,81,False
syn-0415,en,False,False,84,False
syn-0416,en,False,False,32,False
syn-0417,en,False,True,49,False
syn-0418,en,False,False,66,False
syn-0419,en,False,False,65,False
syn-0420,en,False,True,19,False
syn-0421,en,False,False,75,False
syn-0422,en,False,True,76,False
syn-0423,de,False,False,73,True
syn-0424,en,False,True,59,False
syn-0425,en,False,True,60,False
syn-0426,en,False,False,50,False
syn-0427,en,False,True,80,False
syn-0428,en,False,True,74,False
syn-0429,en,False,True,25,False
syn-0430,en,False,False,69,False
syn-0431,en,False,False,99,False
syn-0432,en,False,True,80,False
syn-0433,de,False,False,45,True
syn-0434,en,False,True,80,False
syn-0435,en,False,False,35,False
syn-0436,en,False,True,107,False
syn-0437,en,False,True,87,False
syn-0438,en,False,True,77,False
syn-0439,en,False,True,63,False
syn-0440,en,False,False,76,False
syn-0441,en,False,True,47,False
syn-0442,es,False,False,90,True
syn-0443,en,False,True,35,False
syn-0444,en,False,True,69,False
syn-0445,en,False,True,70,False
syn-0446,en,False,False,101,False
syn-0447,en,False,True,43,False
syn-0448,en,False,False,56,False
syn-0449,en,False,False,61,False
syn-0450,en,False,False,28,False
syn-0451,en,False,True,75,False
syn-0452,en,False,True,76,False
syn-0453,en,False,False,64,False
syn-0454,en,False,False,36,False
syn-0455,en,False,False,53,False
syn-0456,en,False,True,57,False
syn-0457,en,False,False,80,False
syn-0458,en,False,False,72,False
syn-0459,fr,False,False,78,True
syn-0460,es,False,True,74,True
syn-0461,en,False,False,19,False
syn-0462,en,False,True,93,False
syn-0463,en,False,False,54,False
syn-0464,es,False,False,66,True
syn-0465,zh,False,True,16,True
syn-0466,en,False,False,116,False
syn-0467,en,False,False,77,False
syn-0468,en,False,True,95,False
syn-0469,en,False,True,91,False
syn-0470,en,False,True,73,False
syn-0471,en,False,True,52,False
syn-0472,en,False,True,72,False
syn-0473,en,False,False,41,False
syn-0474,en,False,True,122,False
syn-0475,fr,False,False,57,True
syn-0476,en,False,True,57,False
syn-0477,en,False,True,77,False
syn-0478,undetermined,False,True,1,False
syn-0479,en,False,True,105,False
syn-0480,en,False,False,89,False
syn-0481,en,False,True,99,False
syn-0482,en,False,False,97,False
syn-0483,zh,False,True,23,True
syn-0484,en,False,True,84,False
syn-0485,en,False,False,61,False
syn-0486,fr,False,False,75,True
syn-0487,en,False,True,49,False
syn-0488,es,False,True,54,True
syn-0489,en,False,True,60,False
syn-0490,fr,False,False,46,True
syn-0491,fr,False,False,49,True
syn-0492,en,False,False,47,False
syn-0493,en,False,True,76,False
syn-0494,en,False,False,98,False
syn-0495,en,False,True,60,False
syn-0496,en,False,False,62,False
syn-0497,en,False,True,73,False
syn-0498,en,False,True,31,False
syn-0499,en,False,False,76,False
syn-0500,en,False,False,105,False
