id,split,set,is_unknown,gold,pred,b1_msp,b1_neg_energy
syn-0008,val,cal,False,shipment_information.analytics,shipment_information.analytics,0.783734798,3.76406025
syn-0011,val,cal,False,shipment_information.realtime_query,shipment_information.disruptions,0.299886554,2.75542694
syn-0017,val,cal,False,customer_support,customer_support,0.667838693,3.21229896
syn-0027,val,cal,False,document_processing,document_processing,0.492511481,3.20741832
syn-0032,val,cal,False,document_processing,document_processing,0.356207699,2.7015454
syn-0041,val,cal,False,shipment_information.realtime_query,shipment_information.disruptions,0.511153162,3.07696621
syn-0044,val,cal,False,chitchat,chitchat,0.62422663,3.21649516
syn-0049,val,cal,False,shipment_information.analytics,shipment_information.analytics,0.354679823,2.63115158
syn-0057,val,cal,False,shipment_information.analytics,shipment_information.analytics,0.288683057,2.66637096
syn-0063,val,cal,False,appointment_manager,appointment_manager,0.593950152,3.10354604
syn-0064,val,cal,False,orders,orders,0.469063669,2.89133222
syn-0072,val,cal,False,ai_agent_performance,ai_agent_performance,0.944423854,4.9663201
syn-0076,val,cal,False,knowledge_base,knowledge_base,0.293728322,2.59267484
syn-0082,val,cal,False,appointment_manager,appointment_manager,0.350922018,2.92050289
syn-0090,val,cal,False,knowledge_base,knowledge_base,0.294877023,2.97959552
syn-0094,val,cal,False,appointment_manager,appointment_manager,0.556445539,3.01867998
syn-0100,val,cal,False,chitchat,chitchat,0.923950076,4.67018983
syn-0109,val,cal,False,customer_support,customer_support,0.325640261,2.75027014
syn-0119,val,cal,False,orders,orders,0.475513548,3.18603773
syn-0130,val,cal,False,orders,shipment_information.analytics,0.301195502,2.8178022
syn-0137,val,cal,False,shipment_information.analytics,shipment_information.analytics,0.737859309,3.59149225
syn-0139,val,cal,False,appointment_manager,appointment_manager,0.732505262,3.49369099
syn-0141,val,cal,False,chitchat,chitchat,0.869065046,4.03010236
syn-0153,val,cal,False,document_processing,document_processing,0.363036603,3.0718734
syn-0171,val,cal,False,orders,shipment_information.analytics,0.494903922,3.15081083
syn-0181,val,cal,False,shipment_information.realtime_query,orders,0.222796991,2.74154054
syn-0183,val,cal,False,document_processing,document_processing,0.538489461,3.4273677
syn-0185,val,cal,False,other,other,0.501492918,2.89955815
syn-0190,val,cal,False,customer_support,appointment_manager,0.405681908,3.10487172
syn-0200,val,cal,False,knowledge_base,knowledge_base,0.278167337,3.0487355
syn-0204,val,cal,False,appointment_manager,appointment_manager,0.589812517,3.34996618
syn-0208,val,cal,False,shipment_information.analytics,shipment_information.analytics,0.494735926,2.90055509
syn-0210,val,cal,False,ai_agent_performance,ai_agent_performance,0.485004276,3.05977108
syn-0211,val,cal,False,ai_agent_performance,ai_agent_performance,0.691384077,3.34276675
syn-0218,val,cal,False,shipment_information.analytics,shipment_information.analytics,0.571141839,3.07160328
syn-0219,val,cal,False,ai_agent_performance,ai_agent_performance,0.78003341,3.79927498
syn-0229,val,cal,False,other,other,0.527078748,3.14457099
syn-0247,val,cal,False,customer_support,customer_support,0.251446456,2.60822503
syn-0270,val,cal,False,shipment_information.realtime_query,shipment_information.realtime_query,0.369789183,2.732999
syn-0272,val,cal,False,customer_support,customer_support,0.212978542,2.63557293
syn-0278,val,cal,False,shipment_information.disruptions,shipment_information.disruptions,0.453534782,2.92482824
syn-0279,val,cal,False,ai_agent_performance,ai_agent_performance,0.753239751,3.54254452
syn-0298,val,cal,False,other,other,0.657855034,3.33298342
syn-0321,val,cal,False,shipment_information.disruptions,shipment_information.disruptions,0.693309307,3.40326539
syn-0326,val,cal,False,appointment_manager,appointment_manager,0.337184697,2.88065708
syn-0328,val,cal,False,shipment_information.realtime_query,shipment_information.realtime_query,0.779439509,3.55057134
syn-0333,val,cal,False,knowledge_base,knowledge_base,0.484575868,3.12436445
syn-0353,val,cal,False,other,other,0.370955646,2.81264224
syn-0363,val,cal,False,shipment_information.disruptions,shipment_information.realtime_query,0.174533576,2.55000527
syn-0366,val,cal,False,shipment_information.disruptions,shipment_information.disruptions,0.576557815,3.03181236
syn-0367,val,cal,False,document_processing,document_processing,0.633453369,3.13334213
syn-0374,val,cal,False,shipment_information.analytics,shipment_information.analytics,0.518688142,3.05055473
syn-0378,val,cal,False,chitchat,chitchat,0.75540185,3.6347983
syn-0385,val,cal,False,knowledge_base,document_processing,0.713899553,3.65251644
syn-0388,val,cal,False,knowledge_base,other,0.302499115,2.64646356
syn-0391,val,cal,False,ai_agent_performance,ai_agent_performance,0.761980951,3.65427756
syn-0393,val,cal,False,chitchat,chitchat,0.769377172,3.5427857
syn-0407,val,cal,False,orders,customer_support,0.38092196,2.90101816
syn-0408,val,cal,False,document_processing,document_processing,0.267383873,2.67493838
syn-0409,val,cal,False,shipment_information.realtime_query,shipment_information.realtime_query,0.619547307,3.12779644
syn-0413,val,cal,False,shipment_information.disruptions,shipment_information.disruptions,0.800783336,3.63063898
syn-0435,val,cal,False,shipment_information.realtime_query,shipment_information.realtime_query,0.767859876,3.62058579
syn-0437,val,cal,False,customer_support,shipment_information.realtime_query,0.32822597,2.84818412
syn-0439,val,cal,False,orders,shipment_information.analytics,0.452059776,3.19698955
syn-0452,val,cal,False,shipment_information.realtime_query,shipment_information.realtime_query,0.377290249,3.19322764
syn-0453,val,cal,False,appointment_manager,appointment_manager,0.338479698,2.81230172
syn-0460,val,cal,False,shipment_information.analytics,shipment_information.analytics,0.382991046,2.75589577
syn-0468,val,cal,False,orders,orders,0.691579223,3.32405261
syn-0001,test,eval,False,appointment_manager,appointment_manager,0.568288922,3.06587244
syn-0012,test,eval,False,customer_support,customer_support,0.441891551,2.90664488
syn-0021,test,eval,False,shipment_information.analytics,knowledge_base,0.260436714,2.5968842
syn-0028,test,eval,False,orders,orders,0.557322264,3.05158574
syn-0030,test,eval,False,appointment_manager,appointment_manager,0.555181921,3.17364518
syn-0047,test,eval,False,ai_agent_performance,ai_agent_performance,0.462911695,2.99679705
syn-0060,test,eval,False,knowledge_base,knowledge_base,0.467265993,2.89339155
syn-0066,test,eval,False,orders,orders,0.220612407,2.57092132
syn-0078,test,eval,False,document_processing,document_processing,0.285271436,2.77521425
syn-0088,test,eval,False,ai_agent_performance,ai_agent_performance,0.285543323,2.68028551
syn-0089,test,eval,False,document_processing,document_processing,0.639198124,3.23764817
syn-0096,test,eval,False,orders,orders,0.345445871,2.8910704
syn-0099,test,eval,False,chitchat,chitchat,0.726905465,3.62916267
syn-0104,test,eval,False,orders,orders,0.479757637,2.86103301
syn-0110,test,eval,False,shipment_information.disruptions,shipment_information.disruptions,0.399829179,2.78283023
syn-0115,test,eval,False,shipment_information.realtime_query,shipment_information.realtime_query,0.386834055,2.88454407
syn-0116,test,eval,False,knowledge_base,other,0.273875386,2.80308469
syn-0126,test,eval,False,other,other,0.614917457,3.34669554
syn-0131,test,eval,False,document_processing,document_processing,0.331772298,2.88643389
syn-0132,test,eval,False,document_processing,document_processing,0.526402414,3.22593273
syn-0157,test,eval,False,knowledge_base,knowledge_base,0.38782078,3.02828077
syn-0180,test,eval,False,appointment_manager,appointment_manager,0.358377784,2.89922367
syn-0199,test,eval,False,orders,knowledge_base,0.248848036,2.76037223
syn-0212,test,eval,False,shipment_information.realtime_query,shipment_information.realtime_query,0.69860208,3.49302229
syn-0214,test,eval,False,customer_support,customer_support,0.249250546,2.73768772
syn-0216,test,eval,False,customer_support,customer_support,0.353307545,2.92762481
syn-0220,test,eval,False,chitchat,chitchat,0.869995236,4.16249327
syn-0227,test,eval,False,shipment_information.analytics,shipment_information.analytics,0.434271485,2.86759008
syn-0231,test,eval,False,ai_agent_performance,ai_agent_performance,0.689243972,3.27196187
syn-0235,test,eval,False,shipment_information.analytics,shipment_information.analytics,0.314169258,2.68487593
syn-0238,test,eval,False,document_processing,document_processing,0.386987448,2.71168395
syn-0245,test,eval,False,knowledge_base,knowledge_base,0.697207332,3.42088047
syn-0266,test,eval,False,other,other,0.676662683,3.48457239
syn-0277,test,eval,False,shipment_information.realtime_query,shipment_information.realtime_query,0.421912849,2.94176605
syn-0287,test,eval,False,shipment_information.analytics,shipment_information.analytics,0.579737604,3.06884989
syn-0309,test,eval,False,document_processing,document_processing,0.799710333,3.95143069
syn-0315,test,eval,False,customer_support,customer_support,0.686224461,3.3522615
syn-0317,test,eval,False,shipment_information.disruptions,shipment_information.disruptions,0.559993684,2.97086946
syn-0319,test,eval,False,shipment_information.realtime_query,shipment_information.realtime_query,0.317943871,2.66653104
syn-0320,test,eval,False,customer_support,customer_support,0.443908662,2.93946885
syn-0331,test,eval,False,shipment_information.disruptions,shipment_information.disruptions,0.73299402,3.50845078
syn-0337,test,eval,False,knowledge_base,knowledge_base,0.426021814,2.9781843
syn-0342,test,eval,False,ai_agent_performance,ai_agent_performance,0.792330205,3.99561957
syn-0344,test,eval,False,appointment_manager,orders,0.374040037,3.04472811
syn-0347,test,eval,False,appointment_manager,appointment_manager,0.7144835,3.39311943
syn-0362,test,eval,False,chitchat,chitchat,0.938445508,4.81335313
syn-0365,test,eval,False,chitchat,chitchat,0.430045754,2.86461971
syn-0387,test,eval,False,shipment_information.realtime_query,shipment_information.realtime_query,0.721235752,3.45055677
syn-0389,test,eval,False,shipment_information.analytics,knowledge_base,0.206094891,2.59989152
syn-0390,test,eval,False,other,other,0.540207624,2.94754213
syn-0394,test,eval,False,knowledge_base,knowledge_base,0.406092614,3.10565008
syn-0395,test,eval,False,shipment_information.realtime_query,shipment_information.realtime_query,0.719072878,3.39174093
syn-0398,test,eval,False,customer_support,document_processing,0.474694639,3.09187795
syn-0400,test,eval,False,chitchat,chitchat,0.75717169,3.68386885
syn-0404,test,eval,False,shipment_information.disruptions,shipment_information.disruptions,0.625298858,3.32967418
syn-0412,test,eval,False,shipment_information.realtime_query,shipment_information.realtime_query,0.316540152,2.69912551
syn-0424,test,eval,False,other,other,0.393887252,2.78786863
syn-0434,test,eval,False,orders,orders,0.527715087,3.0226894
syn-0438,test,eval,False,shipment_information.analytics,shipment_information.analytics,0.494749337,3.10189914
syn-0441,test,eval,False,orders,orders,0.519971192,3.03904064
syn-0442,test,eval,False,appointment_manager,appointment_manager,0.406757265,2.80450644
syn-0446,test,eval,False,appointment_manager,appointment_manager,0.350508213,2.8184241
syn-0462,test,eval,False,shipment_information.disruptions,shipment_information.disruptions,0.34628576,2.65683467
syn-0466,test,eval,False,ai_agent_performance,ai_agent_performance,0.438430041,2.90488654
syn-0467,test,eval,False,shipment_information.analytics,shipment_information.analytics,0.275339872,2.64333917
syn-0475,test,eval,False,shipment_information.realtime_query,shipment_information.realtime_query,0.736965001,3.5598384
syn-0479,test,eval,False,shipment_information.analytics,shipment_information.analytics,0.484725803,2.89963562
syn-0494,test,eval,False,ai_agent_performance,ai_agent_performance,0.734471977,3.68878995
syn-0005,train,eval,True,yard_management,shipment_information.realtime_query,0.224943578,2.64776484
syn-0048,val,eval,True,yard_management,shipment_information.realtime_query,0.203296676,2.55618049
syn-0065,val,eval,True,yard_management,shipment_information.realtime_query,0.428365827,2.77897552
syn-0069,val,eval,True,yard_management,orders,0.195616543,2.61425045
syn-0073,val,eval,True,yard_management,shipment_information.realtime_query,0.253183186,2.62986612
syn-0092,test,eval,True,yard_management,shipment_information.realtime_query,0.348341763,2.77866973
syn-0095,train,eval,True,yard_management,shipment_information.realtime_query,0.358421355,2.73504006
syn-0103,train,eval,True,yard_management,shipment_information.disruptions,0.298238665,2.72701501
syn-0113,train,eval,True,yard_management,shipment_information.analytics,0.18091853,2.59754638
syn-0127,val,eval,True,yard_management,orders,0.232823506,2.62069405
syn-0129,train,eval,True,yard_management,shipment_information.disruptions,0.230846956,2.64899045
syn-0140,train,eval,True,yard_management,shipment_information.disruptions,0.372478902,2.73729202
syn-0159,train,eval,True,yard_management,shipment_information.realtime_query,0.247526377,2.69125853
syn-0175,train,eval,True,yard_management,shipment_information.realtime_query,0.34414798,2.67079331
syn-0193,train,eval,True,yard_management,shipment_information.realtime_query,0.200611696,2.53824207
syn-0197,train,eval,True,yard_management,customer_support,0.191501856,2.52829805
syn-0221,train,eval,True,yard_management,appointment_manager,0.207518891,2.58840929
syn-0236,train,eval,True,yard_management,shipment_information.realtime_query,0.211349458,2.57156779
syn-0250,train,eval,True,yard_management,shipment_information.disruptions,0.512234509,3.14642
syn-0256,test,eval,True,yard_management,appointment_manager,0.248493448,2.61024186
syn-0260,train,eval,True,yard_management,shipment_information.realtime_query,0.226744011,2.62222263
syn-0285,train,eval,True,yard_management,shipment_information.analytics,0.220571399,2.58821022
syn-0292,train,eval,True,yard_management,shipment_information.realtime_query,0.177812934,2.50437853
syn-0297,val,eval,True,yard_management,shipment_information.realtime_query,0.184776813,2.5650565
syn-0312,train,eval,True,yard_management,shipment_information.analytics,0.360614002,2.80638527
syn-0313,train,eval,True,yard_management,shipment_information.realtime_query,0.200978845,2.6080521
syn-0318,train,eval,True,yard_management,shipment_information.realtime_query,0.291001558,2.7582097
syn-0351,train,eval,True,yard_management,shipment_information.realtime_query,0.20565176,2.51987325
syn-0361,test,eval,True,yard_management,appointment_manager,0.212160617,2.69645989
syn-0373,train,eval,True,yard_management,shipment_information.disruptions,0.376837045,2.79270254
syn-0401,train,eval,True,yard_management,appointment_manager,0.248606652,2.60169036
syn-0449,train,eval,True,yard_management,shipment_information.realtime_query,0.273002476,2.69661304
syn-0454,train,eval,True,yard_management,shipment_information.realtime_query,0.217487529,2.51109055
syn-0456,train,eval,True,yard_management,customer_support,0.195251271,2.53298312
syn-0463,train,eval,True,yard_management,shipment_information.realtime_query,0.335710764,2.71980517
syn-0470,test,eval,True,yard_management,knowledge_base,0.173118427,2.56051659
syn-0483,test,eval,True,yard_management,shipment_information.disruptions,0.165071458,2.56979093
syn-0489,train,eval,True,yard_management,shipment_information.realtime_query,0.256098926,2.64634351
syn-0499,train,eval,True,yard_management,shipment_information.realtime_query,0.302267671,2.73027751
syn-0500,test,eval,True,yard_management,shipment_information.realtime_query,0.288356394,2.74597447
